country,date,new_cases_per_million,total_cases_per_million,new_cases_per_million_7_day_avg_right
World,1/4/2020,0.000375523,0.000375523,
World,1/5/2020,0,0.000250349,
World,1/6/2020,0.000375523,0.000625872,
World,1/7/2020,0,0.000625872,
World,1/8/2020,0.000125174,0.000751046,
World,1/9/2020,0,0.000751046,0.000146037
World,1/10/2020,0,0.000751046,0.000125174
World,1/11/2020,0,0.000751046,7.15E-05
World,1/12/2020,0.005132148,0.005883194,0.000804692
World,1/13/2020,0.000125174,0.006008368,0.000768928
World,1/14/2020,0.000625872,0.00663424,0.000858338
World,1/15/2020,0,0.00663424,0.000840456
World,1/16/2020,0,0.00663424,0.000840456
World,1/17/2020,0.000500697,0.006759414,0.000911984
World,1/18/2020,0.000500697,0.007260111,0.000983513
World,1/19/2020,0.009888772,0.017148883,0.00166303
World,1/20/2020,0.009763598,0.026912481,0.003039948
World,1/21/2020,0.011641213,0.038553694,0.004613568
World,1/22/2020,0.018525801,0.057079495,0.007260111
World,1/23/2020,0.016648186,0.073352158,0.009638423
World,1/24/2020,0.033922244,0.107274402,0.01441293
World,1/25/2020,0.059207458,0.16648186,0.02279961
World,1/26/2020,0.088247903,0.25435424,0.033993772
World,1/27/2020,0.098887721,0.353241962,0.046725789
World,1/28/2020,0.222685135,0.575426399,0.076874921
World,1/29/2020,0.184882487,0.760308885,0.100640162
World,1/30/2020,0.220056474,0.980365359,0.129698489
World,1/31/2020,0.251725579,1.232090938,0.160813251
World,2/1/2020,0.264493361,1.496083602,0.190139808
World,2/2/2020,0.328081921,1.82379,0.224401811
World,2/3/2020,0.354994402,2.178784402,0.26098848
World,2/4/2020,0.407192098,2.5859765,0.287346617
World,2/5/2020,0.492686166,3.078161969,0.331318572
World,2/6/2020,0.465147813,3.543309782,0.36633162
World,2/7/2020,0.395425711,3.938234796,0.38686021
World,2/8/2020,0.425217202,4.363451998,0.409820759
World,2/9/2020,0.337845519,4.700921993,0.411215559
World,2/10/2020,0.374646772,5.075568766,0.41402304
World,2/11/2020,0.310682689,5.386251455,0.400235982
World,2/12/2020,0.254604589,5.640856043,0.366224328
World,2/13/2020,1.89864425,7.539500293,0.571009533
World,2/14/2020,0.509209178,8.048709471,0.587264314
World,2/15/2020,0.333339243,8.381673191,0.574138891
World,2/16/2020,0.255856332,8.637529523,0.56242615
World,2/17/2020,0.25810947,8.89526347,0.545777964
World,2/18/2020,0.238832623,9.134096093,0.535513669
World,2/19/2020,0.225188621,9.359284714,0.531311388
World,2/20/2020,0.053073916,9.412358631,0.267658483
World,2/21/2020,0.124423285,9.536781916,0.21268907
World,2/22/2020,0.133686185,9.670468101,0.184167205
World,2/23/2020,0.123922587,9.794390688,0.165319527
World,2/24/2020,0.064589955,9.858980643,0.137673882
World,2/25/2020,0.099638767,9.958369062,0.117789045
World,2/26/2020,0.10577231,10.06414137,0.100729572
World,2/27/2020,0.136815544,10.20095691,0.112692662
World,2/28/2020,0.150334371,10.35091576,0.116394246
World,2/29/2020,0.227316585,10.57823235,0.129770017
World,3/1/2020,0.251099708,10.82933206,0.147938177
World,3/2/2020,0.242963376,11.07166956,0.173420094
World,3/3/2020,0.225313795,11.29698336,0.19137367
World,3/4/2020,0.277261143,11.5742445,0.215872075
World,3/5/2020,0.270501729,11.84474623,0.234970101
World,3/6/2020,0.312184781,12.15693101,0.258091588
World,3/7/2020,0.406816575,12.56374758,0.283734444
World,3/8/2020,0.795357698,13.35860458,0.361485585
World,3/9/2020,0.40957041,13.7676743,0.38528659
World,3/10/2020,0.483047743,14.25059687,0.422105726
World,3/11/2020,0.491684771,14.74190611,0.452737672
World,3/12/2020,0.752172554,15.49407867,0.52154779
World,3/13/2020,0.844676384,16.33875505,0.597618019
World,3/14/2020,0.916276102,17.25453046,0.670397952
World,3/15/2020,3.668859636,20.92339009,1.080898229
World,3/16/2020,1.072118143,21.99550824,1.175547905
World,3/17/2020,1.29630537,23.2918136,1.291727566
World,3/18/2020,1.443385209,24.73519881,1.427684771
World,3/19/2020,1.774846837,26.51004565,1.573781097
World,3/20/2020,2.132970597,28.64289107,1.757823128
World,3/21/2020,2.565948607,31.20883968,1.993490628
World,3/22/2020,11.15941677,42.36825645,3.063570218
World,3/23/2020,2.811790993,45.17967192,3.312094911
World,3/24/2020,3.323253309,48.50292522,3.601658902
World,3/25/2020,3.757483062,52.26040829,3.93224431
World,3/26/2020,3.917706206,56.17811449,4.238367077
World,3/27/2020,4.758126663,60.93624115,4.613389372
World,3/28/2020,5.591161834,66.52740299,5.04556269
World,3/29/2020,19.83700207,86.36427989,6.285217734
World,3/30/2020,5.409033183,91.77331307,6.656252333
World,3/31/2020,6.137422614,97.8940875,7.058276519
World,4/1/2020,5.496905563,103.3909931,7.306765448
World,4/2/2020,6.514572873,109.9055659,7.677746401
World,4/3/2020,7.376147791,117.2817137,8.051749419
World,4/4/2020,7.610724487,124.8924382,8.340258369
World,4/5/2020,19.83587551,144.7283137,8.340097431
World,4/6/2020,7.484799111,152.2131128,8.636635421
World,4/7/2020,6.845033106,159.0581459,8.737722634
World,4/8/2020,7.563033067,166.621179,9.032883706
World,4/9/2020,7.962464357,174.5836434,9.239725346
World,4/10/2020,8.719769058,183.3034124,9.431671242
World,4/11/2020,9.103553557,192.406966,9.644932537
World,4/12/2020,17.95763467,210.3646006,9.376612418
World,4/13/2020,8.051338132,218.4159388,9.457546564
World,4/14/2020,7.219429529,225.6353683,9.511031767
World,4/15/2020,7.156592015,232.7883303,9.45296876
World,4/16/2020,7.824897767,240.613228,9.43331639
World,4/17/2020,8.395317193,249.0085452,9.386966124
World,4/18/2020,9.2637767,258.2723219,9.409855144
World,4/19/2020,15.55641548,273.8287374,9.066823832
World,4/20/2020,8.31170074,282.1404382,9.10401849
World,4/21/2020,8.092019789,290.2324579,9.228674241
World,4/22/2020,8.17325793,298.4057159,9.373912229
World,4/23/2020,8.377041741,306.7827576,9.45278994
World,4/24/2020,9.077517296,315.8602749,9.550247097
World,4/25/2020,11.1626713,327.0229462,9.821517754
World,4/26/2020,14.43347656,341.4564228,9.661097908
World,4/27/2020,9.517004371,350.9734271,9.833284141
World,4/28/2020,8.167875434,359.1413026,9.844120662
World,4/29/2020,8.151352422,367.292655,9.840991303
World,4/30/2020,8.847446876,376.1401019,9.908192037
World,5/1/2020,9.512498095,385.6526,9.970332151
World,5/2/2020,10.488232,396.140832,9.873983681
World,5/3/2020,13.61546231,409.7562943,9.757124502
World,5/4/2020,9.71465464,419.4709489,9.785360254
World,5/5/2020,9.563944745,429.0348937,9.984798728
World,5/6/2020,9.090535426,438.1254291,10.11896773
World,5/7/2020,9.709522492,447.5268976,10.24212139
World,5/8/2020,10.62492237,458.1518199,10.40103914
World,5/9/2020,11.14051544,469.1070774,10.49422249
World,5/10/2020,13.44222104,482.5492984,10.46947374
World,5/11/2020,10.73232195,493.2816203,10.61485478
World,5/12/2020,8.807766613,502.0831282,10.50682933
World,5/13/2020,9.520509253,511.6036375,10.56825417
World,5/14/2020,10.38308557,521.9842196,10.66447746
World,5/15/2020,10.50262705,532.4868466,10.6470067
World,5/16/2020,12.37485952,544.8617061,10.82334157
World,5/17/2020,14.1177869,558.979493,10.91985098
World,5/18/2020,11.73434247,570.7138355,11.06299677
World,5/19/2020,9.595113154,580.3089487,11.17547484
World,5/20/2020,11.48286724,591.7918159,11.4558117
World,5/21/2020,12.55623712,604.348053,11.76626192
World,5/22/2020,13.19838144,617.5464345,12.15136969
World,5/23/2020,13.00824163,630.5546761,12.24185285
World,5/24/2020,15.63214595,646.1868221,12.45818986
World,5/25/2020,11.95227098,658.139093,12.4893225
World,5/26/2020,11.40751229,669.5466053,12.74823666
World,5/27/2020,10.9105702,680.4571755,12.66647994
World,5/28/2020,12.08232711,692.5395026,12.59877851
World,5/29/2020,13.2161562,705.7556588,12.60131776
World,5/30/2020,14.76431232,720.5199711,12.85218501
World,5/31/2020,16.9193136,737.4392847,13.0360661
World,6/1/2020,15.66156192,753.1008467,13.5659648
World,6/2/2020,13.42244349,766.5232901,13.85381212
World,6/3/2020,12.12350946,778.6467996,14.02708916
World,6/4/2020,15.22933496,793.8761346,14.47666171
World,6/5/2020,15.54139456,809.4175291,14.80883862
World,6/6/2020,15.61074114,825.0281451,14.92975702
World,6/7/2020,18.14114024,843.1692853,15.10430368
World,6/8/2020,15.45039283,858.6196782,15.07413667
World,6/9/2020,13.5048082,872.1244864,15.08590306
World,6/10/2020,13.34621232,885.4706987,15.26057489
World,6/11/2020,16.16751657,901.6382153,15.39460084
World,6/12/2020,17.31411344,918.9523287,15.64784639
World,6/13/2020,17.44329335,936.395622,15.90963956
World,6/14/2020,19.762273,956.157895,16.14122996
World,6/15/2020,16.32736419,972.4852592,16.26651158
World,6/16/2020,14.62987509,987.1151343,16.42723542
World,6/17/2020,15.14221362,1002.257348,16.68380704
World,6/18/2020,22.50697055,1024.764318,17.58944332
World,6/19/2020,18.12912351,1042.893442,17.70587333
World,6/20/2020,17.58048441,1060.473926,17.72547205
World,6/21/2020,24.79027552,1085.264202,18.44375813
World,6/22/2020,19.09208963,1104.356292,18.8387189
World,6/23/2020,16.05110444,1120.407396,19.04175167
World,6/24/2020,17.33301476,1137.740411,19.35472326
World,6/25/2020,21.32232068,1159.062731,19.18548756
World,6/26/2020,22.1190553,1181.181787,19.75547782
World,6/27/2020,22.86033769,1204.041999,20.50974257
World,6/28/2020,26.18872314,1230.230722,20.70952081
World,6/29/2020,21.98975022,1252.220473,21.12347232
World,6/30/2020,19.51292573,1271.733398,21.61801822
World,7/1/2020,20.90298668,1292.636385,22.12801421
World,7/2/2020,22.68647054,1315.322856,22.32289276
World,7/3/2020,26.07544037,1341.398296,22.88809062
World,7/4/2020,26.40389782,1367.802194,23.3943135
World,7/5/2020,28.74102775,1396.543222,23.75892844
World,7/6/2020,23.59198165,1420.135203,23.98781865
World,7/7/2020,20.58316626,1440.718369,24.14071015
World,7/8/2020,21.6796934,1462.398063,24.25166826
World,7/9/2020,26.41328589,1488.811349,24.78407045
World,7/10/2020,27.79220632,1516.603555,25.02932273
World,7/11/2020,27.42794902,1544.031504,25.17561576
World,7/12/2020,31.3920949,1575.423599,25.55433963
World,7/13/2020,26.99785002,1602.421449,26.04089226
World,7/14/2020,23.87500081,1626.29645,26.51115434
World,7/15/2020,23.64468004,1649.94113,26.79186671
World,7/16/2020,28.47590852,1678.417038,27.08652709
World,7/17/2020,30.03295202,1708.44999,27.40663362
World,7/18/2020,30.28530347,1738.735294,27.81482711
World,7/19/2020,33.73210384,1772.467398,28.1491141
World,7/20/2020,28.3238217,1800.791219,28.33853863
World,7/21/2020,25.17293345,1825.964153,28.52395758
World,7/22/2020,25.66361683,1851.62777,28.81237712
World,7/23/2020,30.49058937,1882.118359,29.10018867
World,7/24/2020,35.73564418,1917.854003,29.91485898
World,7/25/2020,34.71534821,1952.569351,30.54772251
World,7/26/2020,38.06075737,1990.630109,31.16610159
World,7/27/2020,31.01882505,2021.648934,31.55110206
World,7/28/2020,26.444955,2048.093889,31.73281943
World,7/29/2020,27.92852117,2076.02241,32.05637719
World,7/30/2020,31.86888393,2107.891294,32.25327641
World,7/31/2020,36.80463296,2144.695927,32.4059891
World,8/1/2020,35.50069196,2180.196619,32.51818106
World,8/2/2020,40.65862544,2220.855244,32.88930507
World,8/3/2020,31.17967406,2252.034918,32.9122835
World,8/4/2020,27.30703061,2279.341949,33.03543716
World,8/5/2020,26.58427403,2305.926223,32.84340186
World,8/6/2020,32.96653763,2338.892761,33.00020953
World,8/7/2020,35.31205424,2374.204815,32.786984
World,8/8/2020,34.13917076,2408.343986,32.59248097
World,8/9/2020,42.66479444,2451.00878,32.87907654
World,8/10/2020,31.74558721,2482.754367,32.95992128
World,8/11/2020,26.5854006,2509.339768,32.85683127
World,8/12/2020,27.65689287,2536.996661,33.01006254
World,8/13/2020,35.08986981,2572.086531,33.3133957
World,8/14/2020,34.93890956,2607.02544,33.26008932
World,8/15/2020,35.58944056,2642.614881,33.46727072
World,8/16/2020,44.38206108,2686.996942,33.71259453
World,8/17/2020,30.22997641,2717.226918,33.4960787
World,8/18/2020,26.39400905,2743.620927,33.46873705
World,8/19/2020,27.5855435,2771.206471,33.45854428
World,8/20/2020,33.11461887,2804.32109,33.17636558
World,8/21/2020,34.02426073,2838.34535,33.04570146
World,8/22/2020,32.90557773,2871.250928,32.66229248
World,8/23/2020,44.00415977,2915.255088,32.60830658
World,8/24/2020,30.70964445,2945.964732,32.67683059
World,8/25/2020,26.38412027,2972.348853,32.6754179
World,8/26/2020,27.25858815,2999.607441,32.62871
World,8/27/2020,33.45859793,3033.066039,32.67784986
World,8/28/2020,34.04053339,3067.106572,32.68017453
World,8/29/2020,33.52131027,3100.627882,32.76813632
World,8/30/2020,49.35761555,3149.985498,33.53291572
World,8/31/2020,32.1455192,3182.131017,33.73804068
World,9/1/2020,26.24930752,3208.380325,33.71878171
World,9/2/2020,31.86976015,3240.250085,34.37752057
World,9/3/2020,33.31940407,3273.569489,34.35763574
World,9/4/2020,34.79007728,3308.359566,34.46471343
World,9/5/2020,34.71472234,3343.074288,34.63520087
World,9/6/2020,55.38801412,3398.462302,35.49668638
World,9/7/2020,32.01358545,3429.441823,35.4778387
World,9/8/2020,26.84851704,3456.29034,35.56344006
World,9/9/2020,27.70521016,3483.99555,34.96850435
World,9/10/2020,30.85947812,3514.855028,34.61708636
World,9/11/2020,34.59630742,3549.451336,34.58940495
World,9/12/2020,35.42358457,3584.87492,34.69067098
World,9/13/2020,58.47744177,3643.352362,35.13201779
World,9/14/2020,33.0842015,3676.436563,35.28496294
World,9/15/2020,28.67042943,3705.106993,35.54523614
World,9/16/2020,30.66620896,3735.773202,35.96823597
World,9/17/2020,34.81573802,3770.58894,36.53341595
World,9/18/2020,36.53438158,3807.123321,36.81028369
World,9/19/2020,35.85681293,3842.980134,36.87217346
World,9/20/2020,62.74050396,3905.720638,37.48118234
World,9/21/2020,33.16694174,3938.88758,37.49300237
World,9/22/2020,28.26561564,3967.153196,37.43517183
World,9/23/2020,31.53842369,3998.691619,37.55977394
World,9/24/2020,36.4747986,4035.166418,37.79678259
World,9/25/2020,35.88097158,4071.047389,37.70343831
World,9/26/2020,35.93104131,4106.978431,37.71404236
World,9/27/2020,62.11275469,4169.091185,37.62436389
World,9/28/2020,32.97780332,4202.068989,37.59734412
World,9/29/2020,28.03191516,4230.100904,37.56395834
World,9/30/2020,31.78351503,4261.884419,37.59897139
World,10/1/2020,36.3816689,4298.266088,37.58566714
World,10/2/2020,37.31121348,4335.577301,37.78998741
World,10/3/2020,36.82954266,4372.406844,37.91834475
World,10/4/2020,63.69671067,4436.103555,38.14462418
World,10/5/2020,34.17134057,4470.274895,38.3151295
World,10/6/2020,28.76831575,4499.043211,38.42032958
World,10/7/2020,34.07420529,4533.11679,38.74757104
World,10/8/2020,40.2165097,4573.333175,39.29540544
World,10/9/2020,39.32414189,4612.657317,39.58296665
World,10/10/2020,40.09233676,4652.749654,40.04908009
World,10/11/2020,79.41147168,4732.161125,42.29404595
World,10/12/2020,35.65628365,4767.817409,42.50618068
World,10/13/2020,31.71567055,4799.53308,42.92723136
World,10/14/2020,36.60297712,4836.136057,43.28848448
World,10/15/2020,39.34617258,4875.482229,43.1641506
World,10/16/2020,42.46689382,4917.948998,43.61311517
World,10/17/2020,42.69133139,4960.640329,43.98440011
World,10/18/2020,96.75825562,5057.398585,46.4625121
World,10/19/2020,38.00317718,5095.401762,46.79778261
World,10/20/2020,34.25345493,5129.655217,47.16032323
World,10/21/2020,42.90325154,5172.558469,48.06036244
World,10/22/2020,46.43466976,5218.993138,49.07300489
World,10/23/2020,48.33944755,5267.332586,49.91194114
World,10/24/2020,48.9979897,5316.330576,50.81289232
World,10/25/2020,127.9690981,5444.299674,55.27158411
World,10/26/2020,44.06912525,5488.368799,56.13814812
World,10/27/2020,38.03872669,5526.407526,56.67890123
World,10/28/2020,48.28011492,5574.68764,57.44702457
World,10/29/2020,52.26854462,5626.956185,58.28043526
World,10/30/2020,53.64533708,5680.601522,59.03841948
World,10/31/2020,54.73723277,5735.338755,59.85831135
World,11/1/2020,150.4058458,5885.744601,63.06356102
World,11/2/2020,47.535578,5933.280179,63.55876856
World,11/3/2020,50.92767719,5984.207856,65.4000472
World,11/4/2020,51.80227024,6036.010126,65.90321225
World,11/5/2020,56.07622259,6092.086349,66.44716624
World,11/6/2020,60.33978547,6152.426134,67.40351601
World,11/7/2020,61.34430947,6213.770444,68.34738411
World,11/8/2020,154.8451535,6368.615597,68.98157092
World,11/9/2020,55.21990499,6423.835502,70.07933192
World,11/10/2020,49.582679,6473.418181,69.88718932
World,11/11/2020,58.23573014,6531.653911,70.80625502
World,11/12/2020,64.17537731,6595.829289,71.96327712
World,11/13/2020,68.14190151,6663.97119,73.07786513
World,11/14/2020,67.30210692,6731.273297,73.92897905
World,11/15/2020,144.2040836,6875.477381,72.40882621
World,11/16/2020,59.87225934,6935.34964,73.07344826
World,11/17/2020,52.60113281,6987.950773,73.50465595
World,11/18/2020,59.21847381,7047.169247,73.6450479
World,11/19/2020,67.33565364,7114.5049,74.09651595
World,11/20/2020,68.15066371,7182.655564,74.0977677
World,11/21/2020,69.1821002,7251.837664,74.36633816
World,11/22/2020,138.2079828,7390.045647,73.50975234
World,11/23/2020,60.54732451,7450.592972,73.60619022
World,11/24/2020,53.46458535,7504.057557,73.72954058
World,11/25/2020,60.38246991,7564.440027,73.89582574
World,11/26/2020,66.01468893,7630.454716,73.70711649
World,11/27/2020,73.13047411,7703.58519,74.41851798
World,11/28/2020,64.79724339,7768.382433,73.79210986
World,11/29/2020,125.1327729,7893.515206,71.92422273
World,11/30/2020,59.27355052,7952.788757,71.74225502
World,12/1/2020,54.22977603,8007.018533,71.85156798
World,12/2/2020,60.42840889,8067.446942,71.85813069
World,12/3/2020,71.41070398,8138.857646,72.62898998
World,12/4/2020,74.47234294,8213.329989,72.82068553
World,12/5/2020,74.79354027,8288.123529,74.24872794
World,12/6/2020,131.228888,8419.352417,75.11960152
World,12/7/2020,64.74717366,8484.09959,75.90154768
World,12/8/2020,58.12645295,8542.226043,76.45821582
World,12/9/2020,64.38178978,8606.607833,77.02298451
World,12/10/2020,75.36083034,8681.968664,77.58728828
World,12/11/2020,75.09833977,8757.067003,77.6767164
World,12/12/2020,73.24525897,8830.312262,77.45553336
World,12/13/2020,139.1159974,8969.42826,78.58226327
World,12/14/2020,65.76721928,9035.195479,78.72798407
World,12/15/2020,58.2944369,9093.489916,78.75198178
World,12/16/2020,68.21813267,9161.708049,79.30003077
World,12/17/2020,71.89187411,9233.599923,78.80446559
World,12/18/2020,80.36404834,9313.963971,79.55670967
World,12/19/2020,80.51901416,9394.482985,80.59581756
World,12/20/2020,143.5411604,9538.024146,81.22798369
World,12/21/2020,65.04095781,9603.065103,81.12423205
World,12/22/2020,59.74445635,9662.80956,81.33137769
World,12/23/2020,65.88826286,9728.697823,80.99853914
World,12/24/2020,74.16128473,9802.859107,81.32274066
World,12/25/2020,73.44240855,9876.301516,80.33393497
World,12/26/2020,68.12938407,9944.4309,78.56398782
World,12/27/2020,109.076286,10053.50719,73.64043434
World,12/28/2020,50.93806666,10104.44525,71.6257356
World,12/29/2020,55.78006012,10160.22531,71.05939328
World,12/30/2020,64.28139997,10224.50671,70.82984144
World,12/31/2020,81.7004095,10306.20712,71.90685927
World,1/1/2021,82.73096976,10388.93809,73.23379658
World,1/2/2021,73.9332171,10462.87131,74.06291559
World,1/3/2021,122.2063222,10585.07763,75.93863505
World,1/4/2021,64.81964959,10649.89728,77.92171833
World,1/5/2021,65.39782983,10715.29511,79.29568543
World,1/6/2021,71.40106556,10786.69618,80.31278051
World,1/7/2021,85.75818578,10872.45436,80.89246284
World,1/8/2021,86.94884401,10959.40321,81.4950163
World,1/9/2021,89.96316707,11049.36637,83.78500916
World,1/10/2021,162.5364902,11211.90286,89.54646173
World,1/11/2021,76.22340665,11288.12627,91.17556988
World,1/12/2021,67.77251206,11355.89878,91.5148102
World,1/13/2021,70.6918278,11426.59061,91.41349052
World,1/14/2021,78.63826984,11505.22888,90.39635967
World,1/15/2021,77.97597246,11583.20485,89.11452088
World,1/16/2021,77.16722111,11660.37207,87.28652859
World,1/17/2021,159.0417481,11819.41382,86.78727972
World,1/18/2021,66.54304978,11885.95687,85.40437159
World,1/19/2021,58.73805473,11944.69493,84.11373483
World,1/20/2021,59.14186712,12003.83679,82.46374045
World,1/21/2021,64.692848,12068.52964,80.47153733
World,1/22/2021,69.34908275,12137.87872,79.23912451
World,1/23/2021,66.06688663,12203.94561,77.65336244
World,1/24/2021,144.5956289,12348.54124,75.58963113
World,1/25/2021,56.70584947,12405.24709,74.1843168
World,1/26/2021,47.61806788,12452.86516,72.59574725
World,1/27/2021,52.83858852,12505.70375,71.69527888
World,1/28/2021,59.62641696,12565.33016,70.97150302
World,1/29/2021,61.83048657,12627.16065,69.89741785
World,1/30/2021,59.41812687,12686.57878,68.94759503
World,1/31/2021,129.6051266,12816.1839,66.8060947
World,2/1/2021,49.76706079,12865.95096,65.81483917
World,2/2/2021,41.43796082,12907.38892,64.93196673
World,2/3/2021,46.81457385,12954.2035,64.07139321
World,2/4/2021,51.91868236,13006.12218,62.97028827
World,2/5/2021,50.30981669,13056.432,61.32447828
World,2/6/2021,51.51612172,13107.94812,60.1956204
World,2/7/2021,104.4724993,13212.42062,56.60524507
World,2/8/2021,42.61560092,13255.03622,55.58360795
World,2/9/2021,36.81639935,13291.85262,54.92338488
World,2/10/2021,38.68262345,13330.53524,53.76167768
World,2/11/2021,44.35001645,13374.88526,52.68043969
World,2/12/2021,46.70617288,13421.59143,52.16563344
World,2/13/2021,45.92370814,13467.51514,51.36671721
World,2/14/2021,85.48155051,13552.99669,48.65372453
World,2/15/2021,36.46566088,13589.46235,47.77516166
World,2/16/2021,32.23539437,13621.69774,47.12073238
World,2/17/2021,36.20266961,13657.90041,46.76645326
World,2/18/2021,39.96979109,13697.87021,46.14070678
World,2/19/2021,41.6565152,13739.52672,45.41932711
World,2/20/2021,41.54723801,13781.07396,44.79411709
World,2/21/2021,81.63707129,13862.71103,44.24490578
World,2/22/2021,37.76497043,13900.476,44.43052143
World,2/23/2021,33.35545428,13933.83145,44.59052999
World,2/24/2021,37.24512143,13971.07658,44.73945168
World,2/25/2021,45.34365029,14016.42023,45.50714585
World,2/26/2021,46.35618545,14062.77641,46.17852731
World,2/27/2021,45.9829156,14108.75933,46.81219554
World,2/28/2021,87.10017978,14195.85951,47.59263961
World,3/1/2021,39.27519873,14235.13471,47.80838651
World,3/2/2021,33.78029596,14268.915,47.86907818
World,3/3/2021,39.01871653,14307.93372,48.1224489
World,3/4/2021,44.81103351,14352.74475,48.04636079
World,3/5/2021,47.31627257,14400.06102,48.1835161
World,3/6/2021,47.00909476,14447.07012,48.33011312
World,3/7/2021,91.46300591,14538.53313,48.95337399
World,3/8/2021,40.07744102,14578.61057,49.06798004
World,3/9/2021,40.34681618,14618.95738,50.00605435
World,3/10/2021,39.06215202,14658.01953,50.01225942
World,3/11/2021,48.31416233,14706.3337,50.5127064
World,3/12/2021,50.73853877,14757.07224,51.00160157
World,3/13/2021,50.71475565,14807.78699,51.5309817
World,3/14/2021,101.6680936,14909.45508,52.98885136
World,3/15/2021,43.80663468,14953.26172,53.52159332
World,3/16/2021,39.02109484,14992.28281,53.33220455
World,3/17/2021,43.84856808,15036.13138,54.01597828
World,3/18/2021,55.40491265,15091.53629,55.02894261
World,3/19/2021,57.58632571,15149.12262,56.00719788
World,3/20/2021,57.74079084,15206.86341,57.0109172
World,3/21/2021,119.2120271,15326.07544,59.51719341
World,3/22/2021,51.22684384,15377.30228,60.57722329
World,3/23/2021,45.25127163,15422.55355,61.46724855
World,3/24/2021,51.67121271,15474.22477,62.58476921
World,3/25/2021,62.00335232,15536.22812,63.52740345
World,3/26/2021,65.3804306,15601.60855,64.640847
World,3/27/2021,64.98112448,15666.58967,65.67518038
World,3/28/2021,139.217639,15805.80731,68.53312494
World,3/29/2021,58.34400594,15864.15132,69.54986238
World,3/30/2021,50.74454714,15914.89587,70.33461602
World,3/31/2021,55.43432862,15970.33019,70.87220401
World,4/1/2021,67.4143883,16037.74458,71.64520915
World,4/2/2021,70.02652623,16107.77111,72.3089371
World,4/3/2021,71.01390135,16178.78501,73.17076237
World,4/4/2021,141.9738526,16320.75886,73.56450716
World,4/5/2021,58.63065516,16379.38952,73.60545705
World,4/6/2021,53.41489114,16432.80441,73.98693477
World,4/7/2021,60.78014876,16493.58456,74.75062336
World,4/8/2021,77.95369143,16571.53825,76.25623809
World,4/9/2021,82.37322153,16653.91147,78.0200517
World,4/10/2021,81.50613894,16735.41761,79.51894279
World,4/11/2021,156.0202901,16891.4379,81.52557672
World,4/12/2021,76.08546454,16967.52336,84.01912092
World,4/13/2021,68.61030385,17036.13367,86.18989416
World,4/14/2021,76.2295402,17112.36321,88.39695008
World,4/15/2021,88.6161661,17200.97937,89.92016075
World,4/16/2021,88.70416365,17289.68354,90.82458105
World,4/17/2021,89.80970334,17379.49324,92.01080454
World,4/18/2021,166.9612777,17546.45452,93.57380276
World,4/19/2021,88.57573479,17635.03025,95.35812709
World,4/20/2021,80.01005533,17715.04031,96.98666301
World,4/21/2021,85.00538735,17800.0457,98.24035546
World,4/22/2021,98.13392152,17898.17962,99.60003481
World,4/23/2021,100.2184496,17998.39807,101.2449328
World,4/24/2021,95.48573337,18093.8838,102.0557942
World,4/25/2021,165.5623293,18259.44613,101.8559445
World,4/26/2021,91.96320253,18351.40933,102.3398684
World,4/27/2021,81.18694439,18432.59628,102.5079955
World,4/28/2021,86.81340539,18519.40968,102.7662837
World,4/29/2021,99.51985171,18618.92953,102.9642738
World,4/30/2021,100.7813586,18719.70989,103.0446893
World,5/1/2021,98.79684477,18818.50674,103.5177052
World,5/2/2021,153.6871657,18972.1939,101.8212533
World,5/3/2021,88.92634809,19061.12025,101.387417
World,5/4/2021,79.89890053,19141.01915,101.2034107
World,5/5/2021,85.13794697,19226.1571,100.9640595
World,5/6/2021,97.26170678,19323.41881,100.6414674
World,5/7/2021,98.25070917,19421.66951,100.279946
World,5/8/2021,94.87162811,19516.54114,99.71920077
World,5/9/2021,139.6772791,19656.21842,97.7177884
World,5/10/2021,84.29151815,19740.50994,97.05566983
World,5/11/2021,75.94889935,19816.45884,96.49138395
World,5/12/2021,76.33844186,19892.79728,95.23431179
World,5/13/2021,87.19043047,19979.98771,93.79555803
World,5/14/2021,84.56227022,20064.54998,91.84006675
World,5/15/2021,80.36742805,20144.91741,89.76803817
World,5/16/2021,113.6447735,20258.56218,86.04910881
World,5/17/2021,73.58360519,20332.14579,84.51940696
World,5/18/2021,65.56781657,20397.7136,83.03639513
World,5/19/2021,66.44716624,20464.16077,81.62335576
World,5/20/2021,75.68152697,20539.8423,79.97922668
World,5/21/2021,74.91808873,20614.76039,78.60148647
World,5/22/2021,73.29382661,20688.05421,77.59097198
World,5/23/2021,98.32819208,20786.27288,75.40288891
World,5/24/2021,63.45074311,20849.72362,73.95533719
World,5/25/2021,54.12049884,20903.84412,72.32000609
World,5/26/2021,58.31358858,20962.15771,71.15806642
World,5/27/2021,66.89879523,21029.0565,69.90339045
World,5/28/2021,64.91878766,21093.97529,68.47491887
World,5/29/2021,59.52815511,21153.50345,66.50839437
World,5/30/2021,76.82587071,21230.32932,63.43663418
World,5/31/2021,55.84264729,21286.17196,62.34976334
World,6/1/2021,46.62881514,21332.80078,61.27952282
World,6/2/2021,46.88429595,21379.68508,59.64676673
World,6/3/2021,54.62845628,21434.31353,57.89386116
World,6/4/2021,56.83628112,21491.14981,56.73921737
World,6/5/2021,52.60926915,21543.75908,55.75080509
World,6/6/2021,62.84665179,21606.60573,53.75377382
World,6/7/2021,45.96226183,21652.568,52.34229018
World,6/8/2021,39.24715968,21691.81516,51.28776797
World,6/9/2021,41.41618049,21733.23134,50.50660862
World,6/10/2021,45.54680823,21778.77814,49.20923033
World,6/11/2021,51.24486894,21830.02301,48.41045716
World,6/12/2021,49.00061836,21879.02363,47.89493562
World,6/13/2021,59.03058714,21938.05422,47.34978352
World,6/14/2021,44.50185291,21982.55607,47.14115368
World,6/15/2021,37.46680517,22020.02288,46.88681732
World,6/16/2021,38.27330339,22058.29618,46.43783488
World,6/17/2021,46.8464933,22105.14267,46.62350418
World,6/18/2021,49.93191538,22155.07459,46.43593938
World,6/19/2021,45.71729567,22200.79188,45.96689328
World,6/20/2021,54.84738618,22255.63927,45.36929314
World,6/21/2021,42.44523866,22298.08451,45.07549111
World,6/22/2021,37.72028319,22335.80479,45.11170225
World,6/23/2021,39.60878832,22375.41358,45.30248582
World,6/24/2021,50.58207086,22425.99565,45.83613975
World,6/25/2021,53.74109545,22479.73675,46.38030833
World,6/26/2021,48.41442697,22528.15117,46.7656128
World,6/27/2021,56.93178914,22585.08296,47.06338466
World,6/28/2021,45.35541668,22630.43838,47.47912437
World,6/29/2021,39.97429737,22670.41268,47.8011264
World,6/30/2021,42.78283383,22713.19551,48.25456147
World,7/1/2021,50.71150112,22763.90701,48.27305151
World,7/2/2021,48.40341163,22812.31042,47.51052525
World,7/3/2021,51.32560638,22863.63603,47.92640802
World,7/4/2021,66.9691432,22930.60517,49.36031574
World,7/5/2021,46.62168021,22977.22685,49.54121053
World,7/6/2021,42.35949424,23019.58635,49.88195294
World,7/7/2021,46.77251527,23066.35886,50.45190744
World,7/8/2021,57.05345859,23123.41232,51.35790136
World,7/9/2021,56.60170443,23180.01403,52.52908605
World,7/10/2021,75.12825643,23255.14228,55.92946462
World,7/11/2021,86.80777254,23341.95006,58.76355453
World,7/12/2021,51.29644076,23393.2465,59.43137747
World,7/13/2021,48.01737399,23441.26387,60.239646
World,7/14/2021,55.30402214,23496.56789,61.4584327
World,7/15/2021,62.23555071,23558.80344,62.19873157
World,7/16/2021,64.9595945,23623.76304,63.39271587
World,7/17/2021,64.26425109,23688.02729,61.8407151
World,7/18/2021,105.4443528,23793.47164,64.50308371
World,7/19/2021,53.28796437,23846.75961,64.78758708
World,7/20/2021,51.36979292,23898.1294,65.26650407
World,7/21/2021,56.67017479,23954.79957,65.46166874
World,7/22/2021,59.73694589,24014.53652,65.10472519
World,7/23/2021,63.17135401,24077.70787,64.84926226
World,7/24/2021,64.39505826,24142.10293,64.867949
World,7/25/2021,121.6616887,24263.76462,67.18471128
World,7/26/2021,56.89336062,24320.65798,67.69976789
World,7/27/2021,55.18848623,24375.84647,68.2452955
World,7/28/2021,66.7355679,24442.58203,69.68320881
World,7/29/2021,73.84672163,24516.42876,71.69889106
World,7/30/2021,74.61015988,24591.03892,73.33300618
World,7/31/2021,72.59585455,24663.63477,74.50454851
World,8/1/2021,118.8582844,24782.49306,74.10406218
World,8/2/2021,62.52708172,24845.02014,74.90887948
World,8/3/2021,60.73533635,24905.75547,75.70128664
World,8/4/2021,71.48255405,24977.23803,76.37942752
World,8/5/2021,76.67203145,25053.91006,76.7830432
World,8/6/2021,83.73374133,25137.6438,78.08641198
World,8/7/2021,78.26975661,25215.91356,78.89696942
World,8/8/2021,120.0889984,25336.00256,79.07278571
World,8/9/2021,69.11613332,25405.11869,80.01407879
World,8/10/2021,63.45900462,25468.57769,80.40317426
World,8/11/2021,70.59193868,25539.16963,80.27594349
World,8/12/2021,79.10604632,25618.27568,80.6236599
World,8/13/2021,81.89380384,25700.16948,80.36081169
World,8/14/2021,81.90481918,25782.0743,80.88010634
World,8/15/2021,119.7090943,25901.7834,80.82583433
World,8/16/2021,68.75938648,25970.54278,80.7748705
World,8/17/2021,65.02656276,26035.56934,80.99880737
World,8/18/2021,72.71902609,26108.28837,81.302677
World,8/19/2021,85.09300939,26193.38138,82.15795744
World,8/20/2021,83.97032081,26277.3517,82.45460272
World,8/21/2021,81.58049249,26358.93219,82.40827034
World,8/22/2021,118.5383388,26477.47053,82.24101955
World,8/23/2021,66.61527537,26544.08581,81.93471796
World,8/24/2021,65.25625766,26609.34207,81.96753152
World,8/25/2021,73.63054556,26682.97261,82.09774859
World,8/26/2021,82.67614341,26765.64875,81.75248202
World,8/27/2021,82.66775673,26848.31651,81.56640144
World,8/28/2021,83.1964931,26931.513,81.79725867
World,8/29/2021,117.860645,27049.37365,81.70044526
World,8/30/2021,67.51114805,27116.8848,81.82842707
World,8/31/2021,61.16606123,27178.05086,81.2441133
World,9/1/2021,69.09660613,27247.14746,80.59640766
World,9/2/2021,79.49746645,27326.64493,80.14231096
World,9/3/2021,81.04925263,27407.69418,79.91109608
World,9/4/2021,77.87120154,27485.56539,79.15034015
World,9/5/2021,109.5540764,27595.11946,77.96368749
World,9/6/2021,63.02464969,27658.14411,77.32275915
World,9/7/2021,59.65132665,27717.79544,77.1063685
World,9/8/2021,64.16724098,27781.96268,76.40217348
World,9/9/2021,64.76882882,27846.73151,74.29808239
World,9/10/2021,69.20000013,27915.93151,72.60533203
World,9/11/2021,73.06851282,27989.00002,71.91923364
World,9/12/2021,98.1549508,28087.15497,70.29078713
World,9/13/2021,58.16588287,28145.32085,69.59667758
World,9/14/2021,55.11863896,28200.43949,68.94915077
World,9/15/2021,59.61540162,28260.0549,68.298888
World,9/16/2021,66.01055818,28326.06545,68.47627791
World,9/17/2021,64.65204116,28390.71749,67.82656949
World,9/18/2021,67.0018137,28457.71931,66.95989818
World,9/19/2021,90.80008265,28548.51939,65.90920273
World,9/20/2021,69.93927972,28618.45867,67.59111657
World,9/21/2021,50.26913503,28668.72781,66.89833029
World,9/22/2021,54.00058183,28722.72839,66.09621318
World,9/23/2021,58.97538526,28781.63205,65.09118848
World,9/24/2021,62.05304653,28843.68509,64.71990353
World,9/25/2021,59.72442846,28903.40952,63.68027707
World,9/26/2021,84.20564855,28987.61517,62.73821506
World,9/27/2021,47.52393678,29035.13911,59.53602321
World,9/28/2021,43.16373932,29078.30285,58.52096668
World,9/29/2021,52.24701463,29130.54986,58.27045708
World,9/30/2021,55.22115673,29185.77102,57.73413872
World,10/1/2021,55.1520605,29240.92308,56.74828357
World,10/2/2021,55.01449391,29295.93757,56.07543578
World,10/3/2021,81.0727854,29377.01036,55.6278839
World,10/4/2021,42.12203854,29419.1324,54.85618415
World,10/5/2021,40.48575968,29459.61816,54.47361563
World,10/6/2021,48.83789173,29508.45605,53.98659807
World,10/7/2021,52.22811331,29560.68416,53.55902044
World,10/8/2021,53.11021682,29613.79438,53.26732849
World,10/9/2021,50.53137525,29664.32575,52.62688296
World,10/10/2021,82.86165176,29747.18741,52.8824353
World,10/11/2021,40.34756722,29787.53497,52.6289394
World,10/12/2021,39.06064993,29826.58899,52.42535229
World,10/13/2021,47.00396261,29873.59295,52.16336242
World,10/14/2021,49.12629339,29922.71924,51.72024528
World,10/15/2021,49.03466578,29971.75391,51.13802371
World,10/16/2021,50.07348755,30021.8274,51.07261118
World,10/17/2021,86.31358428,30108.14098,51.5657444
World,10/18/2021,39.35005298,30147.49104,51.42324236
World,10/19/2021,38.65583614,30186.14687,51.36541182
World,10/20/2021,47.98270071,30234.12957,51.50523155
World,10/21/2021,50.25098475,30284.38056,51.66590174
World,10/22/2021,50.26174975,30334.64231,51.84119945
World,10/23/2021,49.32456953,30383.96688,51.73421116
World,10/24/2021,100.5141114,30484.48099,53.7628579
World,10/25/2021,37.07964097,30521.56063,53.43851332
World,10/26/2021,35.05344408,30556.61407,52.92388589
World,10/27/2021,49.28201026,30605.89608,53.10950154
World,10/28/2021,52.76711398,30658.6632,53.46894857
World,10/29/2021,51.13058478,30709.79378,53.59306786
World,10/30/2021,53.8715271,30763.66531,54.24263322
World,10/31/2021,112.3422095,30876.00752,55.93236152
World,11/1/2021,36.90952905,30912.91705,55.90805981
World,11/2/2021,35.84116614,30948.75821,56.02059154
World,11/3/2021,51.58308998,31000.3413,56.34931721
World,11/4/2021,49.28226061,31049.62356,55.85148102
World,11/5/2021,50.79774623,31100.42131,55.80393265
World,11/6/2021,50.32020616,31150.74152,55.29660109
World,11/7/2021,123.358552,31274.10007,56.87036431
World,11/8/2021,38.29383198,31312.3939,57.06812187
World,11/9/2021,38.15213464,31350.54603,57.39826022
World,11/10/2021,56.3877815,31406.93382,58.08464472
World,11/11/2021,53.39573947,31460.32956,58.67228456
World,11/12/2021,53.24014777,31513.5697,59.02119907
World,11/13/2021,48.48677774,31562.05648,58.75928072
World,11/14/2021,147.3996591,31709.45614,62.1937246
World,11/15/2021,43.99840176,31753.45454,63.00866314
World,11/16/2021,39.3143783,31792.76892,63.17469795
World,11/17/2021,60.81294444,31853.58186,63.80686408
World,11/18/2021,56.28125814,31909.86312,64.21908104
World,11/19/2021,57.09076054,31966.95388,64.76916857
World,11/20/2021,58.57069665,32025.52458,66.20972842
World,11/21/2021,167.5283174,32193.0529,69.08525103
World,11/22/2021,42.82564345,32235.87854,68.91771413
World,11/23/2021,45.01206349,32280.8906,69.73166915
World,11/24/2021,67.29747547,32348.18808,70.65803073
World,11/25/2021,59.25001774,32407.4381,71.08213925
World,11/26/2021,61.18646464,32468.62456,71.66723983
World,11/27/2021,52.90217708,32521.52674,70.85745132
World,11/28/2021,178.151237,32699.67798,72.37501126
World,11/29/2021,43.87898544,32743.55696,72.52548869
World,11/30/2021,44.34563535,32787.9026,72.43028467
World,12/1/2021,58.33436751,32846.23696,71.14984068
World,12/2/2021,62.90298024,32909.13994,71.67169246
World,12/3/2021,64.35938358,32973.49933,72.1249666
World,12/4/2021,63.17047778,33036.66981,73.5918667
World,12/5/2021,197.9272791,33234.59709,76.41701558
World,12/6/2021,45.16940762,33279.76649,76.6013616
World,12/7/2021,44.54553876,33324.31203,76.62991923
World,12/8/2021,69.64912562,33393.96116,78.24631325
World,12/9/2021,63.50794778,33457.46911,78.33273718
World,12/10/2021,62.82011483,33520.28922,78.11284165
World,12/11/2021,61.91535477,33582.20457,77.93353836
World,12/12/2021,192.3954499,33774.60002,77.14327705
World,12/13/2021,47.10247481,33821.7025,77.4194295
World,12/14/2021,46.69140231,33868.3939,77.72598144
World,12/15/2021,73.07802607,33941.47193,78.21582436
World,12/16/2021,70.4260827,34011.89801,79.20412935
World,12/17/2021,72.08476775,34083.98278,80.52765119
World,12/18/2021,71.61098291,34155.59376,81.91274093
World,12/19/2021,207.6794861,34363.27325,84.09617466
World,12/20/2021,52.86687792,34416.14013,84.91966082
World,12/21/2021,57.05959213,34473.19972,86.40083079
World,12/22/2021,90.34670122,34563.54642,88.86778439
World,12/23/2021,88.17555246,34651.72197,91.40342292
World,12/24/2021,94.83495203,34746.55692,94.65344925
World,12/25/2021,97.1825966,34843.73952,98.30653692
World,12/26/2021,281.8863343,35125.62585,108.9075152
World,12/27/2021,59.52853063,35185.15438,109.8591799
World,12/28/2021,85.68821333,35270.8426,113.9489829
World,12/29/2021,145.8442429,35416.68684,121.8772032
World,12/30/2021,144.8666314,35561.55347,129.9759287
World,12/31/2021,168.9650683,35730.51854,140.5659453
World,1/1/2022,179.164398,35909.68294,152.2776313
World,1/2/2022,526.3714547,36436.05439,187.204077
World,1/3/2022,113.9441905,36549.99858,194.9777427
World,1/4/2022,148.1791197,36698.1777,203.9050151
World,1/5/2022,251.4072609,36949.58496,218.9854462
World,1/6/2022,256.106055,37205.69102,234.8767924
World,1/7/2022,252.6582532,37458.34927,246.8329617
World,1/8/2022,249.1529964,37707.50227,256.8313329
World,1/9/2022,806.1315778,38513.63385,296.7970648
World,1/10/2022,205.3130654,38718.94691,309.8497612
World,1/11/2022,206.422861,38925.36977,318.1702957
World,1/12/2022,349.021709,39274.39148,332.1152168
World,1/13/2022,299.7733706,39574.16485,338.3534048
World,1/14/2022,312.5555474,39886.7204,346.9101611
World,1/15/2022,312.3220973,40199.0425,355.9343183
World,1/16/2022,900.9064461,41099.94894,369.4735852
World,1/17/2022,240.7164969,41340.66544,374.5312183
World,1/18/2022,227.530758,41568.1962,377.5466322
World,1/19/2022,358.1290178,41926.32522,378.8476763
World,1/20/2022,358.2251516,42284.55037,387.1979307
World,1/21/2022,365.1753312,42649.7257,394.7150427
World,1/22/2022,352.2523333,43001.97803,400.4193621
World,1/23/2022,1044.77669,44046.75472,420.9722541
World,1/24/2022,261.2437102,44307.99843,423.9047131
World,1/25/2022,257.8792745,44565.87771,428.2402155
World,1/26/2022,377.1124561,44942.99016,430.9521352
World,1/27/2022,327.2241014,45270.21426,426.5234138
World,1/28/2022,332.708865,45602.92313,421.8853472
World,1/29/2022,324.270613,45927.19374,417.8879586
World,1/30/2022,1051.710096,46978.90384,418.8784452
World,1/31/2022,241.2571248,47220.16096,416.0232187
World,2/1/2022,218.6582763,47438.81924,410.4202189
World,2/2/2022,307.2008399,47746.02008,400.4328452
World,2/3/2022,287.0029602,48033.01528,394.6869679
World,2/4/2022,273.3130192,48306.3283,386.201847
World,2/5/2022,281.0563033,48587.3846,380.0283742
World,2/6/2022,886.0185867,49473.40319,356.3581586
World,2/7/2022,199.8478289,49673.25102,350.4425449
World,2/8/2022,186.3004614,49859.55148,345.8199999
World,2/9/2022,244.6508512,50104.20233,336.8842873
World,2/10/2022,240.185257,50344.38759,330.196044
World,2/11/2022,227.0306866,50571.41827,323.5842822
World,2/12/2022,209.4118988,50780.83017,313.3493672
World,2/13/2022,684.3350763,51465.16525,284.5374372
World,2/14/2022,160.4373167,51625.60256,278.907364
World,2/15/2022,156.9405718,51782.54314,274.7130941
World,2/16/2022,194.3646925,51976.90783,267.5293571
World,2/17/2022,193.6986399,52170.60647,260.8884118
World,2/18/2022,189.8305027,52360.43697,255.5740998
World,2/19/2022,179.2895723,52539.70188,251.2709103
World,2/20/2022,536.6665427,53076.36843,230.1754055
World,2/21/2022,137.154015,53213.52244,226.8492196
World,2/22/2022,146.9560413,53360.47848,225.4228581
World,2/23/2022,166.8550047,53527.33349,221.4929027
World,2/24/2022,172.3310061,53699.66449,218.4403835
World,2/25/2022,168.1185143,53867.78301,215.3386709
World,2/26/2022,156.9011419,54024.68415,212.1403237
World,2/27/2022,434.8447351,54459.52889,197.5943512
World,2/28/2022,137.3422772,54596.87116,197.6212458
World,3/1/2022,134.2841431,54731.15531,195.8109746
World,3/2/2022,155.9928769,54887.14818,194.2592421
World,3/3/2022,165.4175026,55052.56569,193.2715987
World,3/4/2022,156.0369383,55208.60262,191.5456593
World,3/5/2022,154.5524959,55363.15512,191.2101384
World,3/6/2022,460.8052654,55823.96038,194.9187856
World,3/7/2022,120.6350089,55944.59539,192.532033
World,3/8/2022,149.0174122,56093.61281,194.6367857
World,3/9/2022,169.8201342,56263.43294,196.6121082
World,3/10/2022,160.4946466,56423.92759,195.9088431
World,3/11/2022,166.1431382,56590.07072,197.3525859
World,3/12/2022,192.6944914,56782.76522,202.8014424
World,3/13/2022,518.9369757,57301.70219,211.1059724
World,3/14/2022,144.7838911,57446.48608,214.5558128
World,3/15/2022,143.9179351,57590.40402,213.827316
World,3/16/2022,202.353068,57792.75709,218.474878
World,3/17/2022,185.4152286,57978.17231,222.0349611
World,3/18/2022,161.2267912,58139.39911,221.3326259
World,3/19/2022,179.3198645,58318.71897,219.4219649
World,3/20/2022,532.4521733,58851.15838,221.3527074
World,3/21/2022,122.9626256,58974.121,218.2353837
World,3/22/2022,152.8354796,59126.95648,219.5093187
World,3/23/2022,147.9399115,59274.89639,211.7360106
World,3/24/2022,139.4279319,59414.32432,205.1663968
World,3/25/2022,142.0353132,59556.35964,202.4247571
World,3/26/2022,132.9559183,59689.31556,195.8013362
World,3/27/2022,538.5452842,60227.86084,196.6717806
World,3/28/2022,127.0574534,60354.91829,197.256756
World,3/29/2022,124.1984717,60479.11677,193.1657549
World,3/30/2022,121.4526476,60600.56941,189.38186
World,3/31/2022,115.0218164,60715.59123,185.8952721
World,4/1/2022,111.2975045,60826.88873,181.5041566
World,4/2/2022,98.09136224,60924.9801,176.5235057
World,4/3/2022,475.661706,61400.6418,167.5401374
World,4/4/2022,79.86773212,61480.50953,160.7987487
World,4/5/2022,84.84741735,61565.35695,155.1771695
World,4/6/2022,90.97545189,61656.3324,150.8232844
World,4/7/2022,93.92092907,61750.25333,147.8088719
World,4/8/2022,85.76632211,61836.01365,144.1615601
World,4/9/2022,74.56935305,61910.583,140.8012731
World,4/10/2022,391.3367663,62301.91977,128.7548531
World,4/11/2022,69.95542721,62371.87519,127.3388096
World,4/12/2022,62.6066926,62434.48189,124.1615632
World,4/13/2022,71.58632357,62506.06821,121.3916877
World,4/14/2022,57.96585428,62564.03406,116.2552484
World,4/15/2022,75.53432196,62639.56839,114.7935341
World,4/16/2022,58.63378451,62698.20217,112.5170244
World,4/17/2022,316.9372749,63015.13944,101.8885256
World,4/18/2022,50.74367092,63065.88312,99.14398896
World,4/19/2022,41.48727951,63107.3704,96.12692994
World,4/20/2022,48.8385176,63156.20891,92.87724338
World,4/21/2022,62.88332787,63219.09224,93.5797396
World,4/22/2022,59.78100726,63278.87325,91.32926607
World,4/23/2022,50.54001228,63329.41326,90.1730129
World,4/24/2022,274.4519804,63603.86524,84.10368512
World,4/25/2022,39.78453308,63643.64977,82.538094
World,4/26/2022,41.59092385,63685.2407,82.55290034
World,4/27/2022,44.15386827,63729.39457,81.88366472
World,4/28/2022,53.60941205,63783.00398,80.5588196
World,4/29/2022,48.47275821,63831.47674,78.94335545
World,4/30/2022,42.0495626,63873.5263,77.73043407
World,5/1/2022,230.9002007,64104.4265,71.50875125
World,5/2/2022,32.98894384,64137.41544,70.53795278
World,5/3/2022,30.71890735,64168.13435,68.98480757
World,5/4/2022,40.89445387,64209.0288,68.51917694
World,5/5/2022,43.34048547,64252.36929,67.05218743
World,5/6/2022,45.9034299,64298.27272,66.68514053
World,5/7/2022,47.03575689,64345.30848,67.397454
World,5/8/2022,212.1410747,64557.44955,64.71757887
World,5/9/2022,35.34234643,64592.7919,65.05377924
World,5/10/2022,35.37026031,64628.16216,65.71825823
World,5/11/2022,51.92156137,64680.08372,67.2935593
World,5/12/2022,53.00507038,64733.08879,68.67421429
World,5/13/2022,54.36033286,64787.44912,69.88234328
World,5/14/2022,48.33343918,64835.77355,70.06772647
World,5/15/2022,217.891959,65053.66551,70.88928137
World,5/16/2022,34.81023035,65088.47574,70.81326478
World,5/17/2022,33.81985105,65122.29559,70.59177775
World,5/18/2022,53.9880644,65176.28365,70.88699246
World,5/19/2022,56.62899243,65232.91265,71.40469561
World,5/20/2022,54.51655042,65287.4292,71.42701241
World,5/21/2022,47.65787332,65335.08707,71.330503
World,5/22/2022,192.0069088,65527.09398,67.63263868
World,5/23/2022,31.63192892,65558.72591,67.17859562
World,5/24/2022,34.6651533,65593.39106,67.29935309
World,5/25/2022,47.68854103,65641.0796,66.39942118
World,5/26/2022,52.24726498,65693.32687,65.77346011
World,5/27/2022,50.60597916,65743.93285,65.21480707
World,5/28/2022,46.84499121,65790.77784,65.09868106
World,5/29/2022,160.2834775,65951.06132,60.56676229
World,5/30/2022,30.24249385,65981.30381,60.36827157
World,5/31/2022,29.04369928,66010.34751,59.56520671
World,6/1/2022,38.68712973,66049.03464,58.27929081
World,6/2/2022,53.85024746,66102.88489,58.50828831
World,6/3/2022,49.09662708,66151.98151,58.29266658
World,6/4/2022,41.61958877,66193.6011,57.54618052
World,6/5/2022,165.415625,66359.01673,58.27934445
World,6/6/2022,27.09047902,66386.10721,57.82905662
World,6/7/2022,30.51562424,66416.62283,58.03933162
World,6/8/2022,47.88181019,66464.50464,59.3528574
World,6/9/2022,56.08698758,66520.59163,59.6723917
World,6/10/2022,52.17165969,66572.76329,60.11168207
World,6/11/2022,50.68709212,66623.45038,61.40703969
World,6/12/2022,176.5923158,66800.0427,63.00370981
World,6/13/2022,28.76255773,66828.79949,63.2425782
World,6/14/2022,30.3168474,66859.11634,63.21418151
World,6/15/2022,48.88545798,66908.0018,63.35755976
World,6/16/2022,52.84522276,66960.84702,62.8944505
World,6/17/2022,57.26400181,67018.11102,63.62192795
World,6/18/2022,51.2943128,67069.40534,63.70867376
World,6/19/2022,202.6213165,67272.02665,67.42710243
World,6/20/2022,32.0894411,67304.1161,67.90237148
World,6/21/2022,32.20973363,67336.32583,68.1727838
World,6/22/2022,51.3879432,67387.71377,68.53028169
World,6/23/2022,66.00567638,67453.71945,70.41034649
World,6/24/2022,64.01390243,67517.73335,71.37461801
World,6/25/2022,63.31793315,67581.05128,73.09227806
World,6/26/2022,265.8086929,67846.85998,82.11904611
World,6/27/2022,40.8153437,67887.67532,83.36560362
World,6/28/2022,38.97703348,67926.65235,84.33236074
World,6/29/2022,60.7921655,67987.44452,85.67582107
World,6/30/2022,77.81224443,68065.25676,87.36247365
World,7/1/2022,73.90455217,68139.16132,88.77542361
World,7/2/2022,76.26696732,68215.42828,90.62528564
World,7/3/2022,292.6111457,68508.03943,94.45420748
World,7/4/2022,79.55930257,68587.59873,99.98905875
World,7/5/2022,42.0310368,68629.62977,100.4253449
World,7/6/2022,71.35174687,68700.98152,101.9338566
World,7/7/2022,85.11729321,68786.09881,102.977435
World,7/8/2022,85.60710036,68871.70591,104.6492276
World,7/9/2022,86.87148628,68958.5774,106.1641588
World,7/10/2022,343.3128833,69301.89028,113.4072642
World,7/11/2022,92.94519516,69394.83547,115.3195346
World,7/12/2022,52.80979842,69447.64527,116.8593577
World,7/13/2022,90.79019388,69538.43547,119.6362787
World,7/14/2022,97.42230545,69635.85777,121.3941375
World,7/15/2022,96.75099551,69732.60877,122.9861226
World,7/16/2022,99.50946224,69832.11823,124.7915477
World,7/17/2022,343.3138847,70175.43211,124.7916908
World,7/18/2022,104.6289672,70280.06108,126.4608011
World,7/19/2022,57.98175142,70338.04283,127.1996515
World,7/20/2022,91.70797207,70429.7508,127.3307626
World,7/21/2022,101.5300263,70531.28083,127.9175799
World,7/22/2022,104.127644,70635.40847,128.9713868
World,7/23/2022,108.1959349,70743.60441,130.2123115
World,7/24/2022,329.7933045,71073.39771,128.2808001
World,7/25/2022,114.4317446,71187.82946,129.6811968
World,7/26/2022,69.58816573,71257.41762,131.339256
World,7/27/2022,99.76606962,71357.18369,132.4904128
World,7/28/2022,104.0628037,71461.2465,132.8522381
World,7/29/2022,106.3538695,71567.60037,133.1702704
World,7/30/2022,107.2141926,71674.81456,133.0300215
World,7/31/2022,300.4272813,71975.24184,128.8348753
World,8/1/2022,99.50883637,72074.75068,126.7030313
World,8/2/2022,67.50476416,72142.25544,126.4054025
World,8/3/2022,98.01225207,72240.26769,126.1548571
World,8/4/2022,102.9840513,72343.25175,126.0007496
World,8/5/2022,153.3938823,72496.64563,132.7207515
World,8/6/2022,103.1311312,72599.77676,132.137457
World,8/7/2022,244.8685294,72844.64529,124.2004924
World,8/8/2022,88.61554023,72933.26083,122.6443072
World,8/9/2022,67.08605603,73000.34688,122.5844918
World,8/10/2022,92.50858709,73092.85547,121.7982539
World,8/11/2022,97.36760426,73190.22308,120.9959044
World,8/12/2022,99.65829452,73289.88137,113.3193918
World,8/13/2022,94.05837048,73383.93974,112.0232831
World,8/14/2022,180.8041817,73564.74392,102.8712335
World,8/15/2022,76.73086339,73641.47479,101.1734225
World,8/16/2022,53.12511256,73694.5999,99.17900201
World,8/17/2022,86.05635104,73780.65625,98.257254
World,8/18/2022,97.05078803,73877.70704,98.21199454
World,8/19/2022,97.14491913,73974.85196,97.85294091
World,8/20/2022,97.57113773,74072.42309,98.3547648
World,8/21/2022,166.5522079,74238.9753,96.31876855
World,8/22/2022,74.56609851,74313.5414,96.00951642
World,8/23/2022,66.04861117,74379.59001,97.85573051
World,8/24/2022,81.57473447,74461.16475,97.21549957
World,8/25/2022,88.74371874,74549.90847,96.02877539
World,8/26/2022,87.64043219,74637.5489,94.67099154
World,8/27/2022,80.25489633,74717.80379,92.19724277
World,8/28/2022,117.7253316,74835.52913,85.22197471
World,8/29/2022,81.52053398,74917.04966,86.21546549
World,8/30/2022,52.14387098,74969.19353,84.22907404
World,8/31/2022,69.14392203,75038.33745,82.45324369
World,9/1/2022,74.34579169,75112.68324,80.39639697
World,9/2/2022,73.45767981,75186.14092,78.37028948
World,9/3/2022,67.93386177,75254.07479,76.61014169
World,9/4/2022,118.437949,75372.51273,76.71194418
World,9/5/2022,49.53924351,75422.05198,72.1431884
World,9/6/2022,44.62427341,75466.67625,71.06896018
World,9/7/2022,50.83492301,75517.51117,68.45338889
World,9/8/2022,66.53253514,75584.04371,67.33720938
World,9/9/2022,59.22898846,75643.2727,65.30453919
World,9/10/2022,43.942574,75687.21527,61.87721236
World,9/11/2022,94.54166857,75781.75694,58.46345801
World,9/12/2022,67.11860135,75848.87554,60.97479485
World,9/13/2022,36.19165427,75885.0672,59.77013497
World,9/14/2022,56.42721141,75941.49441,60.56903331
World,9/15/2022,55.84540112,75997.33981,59.04229988
World,9/16/2022,55.70670796,76053.04652,58.53911696
World,9/17/2022,46.04224823,76099.08876,58.83907042
World,9/18/2022,107.7356689,76206.82443,60.72392761
World,9/19/2022,56.22004789,76263.04448,59.1669914
World,9/20/2022,32.83623115,76295.88071,58.68764524
World,9/21/2022,45.02220261,76340.90292,57.05835827
World,9/22/2022,42.04580737,76382.94872,55.08698773
World,9/23/2022,49.73025954,76432.67898,54.23320939
World,9/24/2022,51.21132222,76483.8903,54.97164853
World,9/25/2022,125.795571,76609.68588,57.55163454
World,9/26/2022,33.58615057,76643.27203,54.31822064
World,9/27/2022,32.43129219,76675.70332,54.26037222
World,9/28/2022,37.73805795,76713.44138,53.21978012
World,9/29/2022,45.0275851,76758.46896,53.64574837
World,9/30/2022,45.37607044,76803.84503,53.02372136
World,10/1/2022,53.02522345,76856.87026,53.2828501
World,10/2/2022,157.2369846,77014.10724,57.77448061
World,10/3/2022,27.3149166,77041.42216,56.87859005
World,10/4/2022,23.39157755,77064.81373,55.58720224
World,10/5/2022,42.68795169,77107.50169,56.29432992
World,10/6/2022,41.32067247,77148.82236,55.76477097
World,10/7/2022,40.82335485,77189.64571,55.11438303
World,10/8/2022,47.15880326,77236.80452,54.276323
World,10/9/2022,180.2049722,77417.00949,57.55746409
World,10/10/2022,27.06794764,77444.07744,57.52218281
World,10/11/2022,23.22572156,77467.30316,57.4984891
World,10/12/2022,40.45571785,77507.75888,57.17959855
World,10/13/2022,40.38048807,77548.13936,57.04528649
World,10/14/2022,40.23966695,77588.37903,56.96190251
World,10/15/2022,41.28725092,77629.66628,56.12310931
World,10/16/2022,184.8594545,77814.52574,56.78803536
World,10/17/2022,27.0345261,77841.56026,56.78326085
World,10/18/2022,24.87802272,77866.43828,57.01930388
World,10/19/2022,39.00870258,77905.44699,56.81258741
World,10/20/2022,35.45087258,77940.89786,56.10835663
World,10/21/2022,28.31030288,77969.20816,54.40416176
World,10/22/2022,53.01821368,78022.22638,56.08001358
World,10/23/2022,155.0208982,78177.24727,51.81736268
World,10/24/2022,21.93880426,78199.18608,51.08940242
World,10/25/2022,23.79238575,78222.97846,50.93431143
World,10/26/2022,32.17906592,78255.15753,49.95864905
World,10/27/2022,28.91727321,78284.0748,49.02527771
World,10/28/2022,59.41812687,78343.49293,53.46925256
World,10/29/2022,35.41594894,78378.90888,50.95464331
World,10/30/2022,115.5894819,78494.49836,45.32158384
World,10/31/2022,21.96158599,78516.45995,45.32483838
World,11/1/2022,25.96103104,78542.42098,45.63464484
World,11/2/2022,32.59527057,78575.01625,45.69410265
World,11/3/2022,28.18149849,78603.18598,45.58899198
World,11/4/2022,60.43454244,78663.62052,45.7341942
World,11/5/2022,32.12286264,78695.74339,45.2637533
World,11/6/2022,90.99159938,78786.73499,41.74977008
World,11/7/2022,24.25064898,78810.98563,42.07677908
World,11/8/2022,31.09330377,78842.07894,42.80996089
World,11/9/2022,23.84545967,78865.9244,41.55998791
World,11/10/2022,33.9176122,78899.84201,42.37943273
World,11/11/2022,67.86226205,78967.70427,43.44053553
World,11/12/2022,43.06197259,79010.76625,45.00326552
World,11/13/2022,87.5501815,79098.31643,44.51163439
World,11/14/2022,28.40255636,79126.71898,45.10476402
World,11/15/2022,35.12955007,79161.75478,45.68137063
World,11/16/2022,38.7623595,79200.51714,47.81235632
World,11/17/2022,34.338949,79234.85609,47.87254729
World,11/18/2022,58.07162659,79292.92771,46.47388509
World,11/19/2022,48.1241477,79341.05186,47.19705296
World,11/20/2022,92.9883803,79434.04024,47.9739385
World,11/21/2022,31.36906282,79465.4093,48.39772514
World,11/22/2022,34.83488969,79500.24419,48.3556308
World,11/23/2022,44.36290941,79544.6071,49.15570936
World,11/24/2022,32.20397561,79576.81108,48.85071316
World,11/25/2022,63.25497046,79640.06605,49.59119086
World,11/26/2022,56.80073161,79696.86678,50.83070284
World,11/27/2022,109.8959275,79806.76271,53.24606673
World,11/28/2022,33.03000102,79839.79271,53.48334362
World,11/29/2022,38.27192647,79878.06464,53.97434887
World,11/30/2022,44.84508093,79922.90972,54.04323052
World,12/1/2022,43.39618805,79966.3059,55.64211801
World,12/2/2022,80.06250338,80046.36841,58.04319414
World,12/3/2022,41.97170417,80088.34011,55.92476165
World,12/4/2022,123.6130314,80211.95314,57.88434791
World,12/5/2022,37.79989407,80249.75304,58.56576121
World,12/6/2022,38.45455582,80288.20759,58.59185111
World,12/7/2022,48.51907271,80336.72667,59.11670708
World,12/8/2022,52.93284479,80389.65951,60.47908662
World,12/9/2022,104.257575,80493.91709,63.93552541
World,12/10/2022,99.91327463,80593.83036,72.21289262
World,12/11/2022,195.8229735,80789.65333,82.52859863
World,12/12/2022,134.0574524,80923.71079,96.27967839
World,12/13/2022,153.7596417,81077.47043,112.7518335
World,12/14/2022,185.0915277,81262.56196,132.2621842
World,12/15/2022,195.7750317,81458.33699,152.6682109
World,12/16/2022,333.8485773,81792.18556,185.4669256
World,12/17/2022,337.5910394,82129.7766,219.420892
World,12/18/2022,534.6770219,82664.45363,267.8286132
World,12/19/2022,546.3649247,83210.81855,326.7296806
World,12/20/2022,681.4673324,83892.28588,402.1164936
World,12/21/2022,793.1974393,84685.48332,488.9887667
World,12/22/2022,856.5899764,85542.0733,583.3909016
World,12/23/2022,982.9827541,86525.05605,676.1243555
World,12/24/2022,842.142981,87367.19903,748.2032043
World,12/25/2022,834.4947042,88201.69374,791.0343017
World,12/26/2022,618.7191928,88820.41293,801.3706257
World,12/27/2022,609.2044415,89429.61737,791.0473556
World,12/28/2022,602.398588,90032.01596,763.7903769
World,12/29/2022,466.96209,90498.97805,708.1292502
World,12/30/2022,464.2213981,90963.19945,634.0204851
World,12/31/2022,348.418619,91311.61807,563.4884334
World,1/1/2023,361.4978345,91673.1159,495.917452
World,1/2/2023,230.0192237,91903.13513,440.388885
World,1/3/2023,184.0459465,92087.18107,379.6519571
World,1/4/2023,204.4857882,92291.66686,322.8072714
World,1/5/2023,188.768023,92480.43488,283.0652619
World,1/6/2023,234.4823145,92714.9172,250.2453928
World,1/7/2023,159.4406787,92874.35788,223.2485442
World,1/8/2023,173.1740552,93047.53193,196.3451471
World,1/9/2023,110.3555677,93157.8875,179.2503391
World,1/10/2023,74.93411105,93232.82161,163.662934
World,1/11/2023,77.41619285,93310.2378,145.5101347
World,1/12/2023,80.16101558,93390.39882,129.9948479
World,1/13/2023,128.086762,93518.48558,114.7954833
World,1/14/2023,62.0034775,93580.48906,100.8758831
World,1/15/2023,78.763319,93659.25238,87.38863508
World,1/16/2023,46.34980156,93705.60218,78.24495421
World,1/17/2023,29.77208871,93735.37427,71.79323674
World,1/18/2023,44.16075286,93779.53502,67.0424596
World,1/19/2023,40.7724089,93820.30743,61.41551579
World,1/20/2023,72.95197552,93893.2594,53.53911772
World,1/21/2023,34.26985277,93927.52926,49.57717133
World,1/22/2023,46.52254214,93974.0518,44.97134606
World,1/23/2023,21.28777257,93995.33957,41.39105621
World,1/24/2023,13.49466908,94008.83424,39.06571055
World,1/25/2023,22.21256052,94031.0468,35.9302545
World,1/26/2023,23.94584948,94054.99265,33.5264603
World,1/27/2023,57.4951988,94112.48785,31.31834934
World,1/28/2023,20.41643405,94132.90428,29.33928952
World,1/29/2023,36.35700956,94169.26129,27.88707058
World,1/30/2023,16.89815914,94186.15945,27.25998295
World,1/31/2023,8.298807784,94194.45826,26.51771705
World,2/1/2023,22.04845698,94216.50672,26.49427368
World,2/2/2023,16.2790469,94232.78576,25.39901617
World,2/3/2023,54.15592318,94286.94169,24.9219768
World,2/4/2023,22.32446638,94309.26615,25.19455284
World,2/5/2023,33.44382736,94342.70998,24.77838396
World,2/6/2023,13.47839642,94356.18838,24.28984643
World,2/7/2023,10.45568668,94366.62854,24.59797198
World,2/8/2023,16.81829791,94383.44684,23.8508064
World,2/9/2023,16.76171912,94400.20856,23.91975958
World,2/10/2023,51.01567474,94451.22423,23.47115266
World,2/11/2023,15.61249358,94466.83673,22.5122994
World,2/12/2023,32.01058127,94498.84731,22.30754996
World,2/13/2023,11.29473022,94510.14204,21.99559765
World,2/14/2023,8.975500216,94519.11754,21.78414244
World,2/15/2023,16.9051689,94536.02271,21.79655258
World,2/16/2023,13.6072008,94549.62991,21.3459071
World,2/17/2023,44.78186789,94594.41178,20.45536327
World,2/18/2023,12.42906,94606.84084,20.00058704
World,2/19/2023,35.43034399,94642.27118,20.48912457
World,2/20/2023,12.28310673,94654.55429,20.63032122
World,2/21/2023,8.236095444,94662.79038,20.52469197
World,2/22/2023,12.44708511,94675.23747,19.88782285
World,2/23/2023,12.20987975,94687.44735,19.68820556
World,2/24/2023,11.75699902,94699.20435,14.97036715
World,2/25/2023,44.11343697,94743.31778,19.49670672
World,2/26/2023,33.25105889,94776.56884,19.18538027
World,2/27/2023,15.46766688,94792.03651,19.64031744
World,2/28/2023,7.172739504,94799.20925,19.48840945
World,3/1/2023,12.43556907,94811.64482,19.4867643
World,3/2/2023,12.55248189,94824.1973,19.53570746
World,3/3/2023,12.74061891,94836.93792,19.67622459
World,3/4/2023,38.35429118,94875.29221,18.85348948
World,3/5/2023,30.01567796,94905.30789,18.3912922
World,3/6/2023,15.83567942,94921.14357,18.44386542
World,3/7/2023,7.281641172,94928.42521,18.4594228
World,3/8/2023,10.84710681,94939.27232,18.23249962
World,3/9/2023,10.36706325,94949.63938,17.92029696
World,3/10/2023,9.665210779,94959.30459,17.48095294
World,3/11/2023,31.11633585,94990.42093,16.44695932
World,3/12/2023,26.89946299,95017.32039,16.00178575
World,3/13/2023,20.01474962,95037.33514,16.59879578
World,3/14/2023,7.174742293,95044.50988,16.58352451
World,3/15/2023,10.42264065,95054.93252,16.52288649
World,3/16/2023,10.10770204,95065.04022,16.48583489
World,3/17/2023,8.512981064,95073.5532,16.32123065
World,3/18/2023,26.15404985,95099.70725,15.61233265
World,3/19/2023,27.67228931,95127.37954,15.72273641
World,3/20/2023,19.22690239,95146.60645,15.6101868
World,3/21/2023,6.722362262,95153.32881,15.54556108
World,3/22/2023,8.481061609,95161.80987,15.26819265
World,3/23/2023,8.131199355,95169.94107,14.98583512
World,3/24/2023,7.865704599,95177.80677,14.89336705
World,3/25/2023,28.26636669,95206.07314,15.1951266
World,3/26/2023,25.59427025,95231.66741,14.89826673
World,3/27/2023,11.98031003,95243.64772,13.86303925
World,3/28/2023,5.606558277,95249.25428,13.70363869
World,3/29/2023,7.850558505,95257.10484,13.61356681
World,3/30/2023,14.30492252,95271.40976,14.49552727
World,3/31/2023,6.250455035,95277.66022,14.26477733
World,4/1/2023,29.25123832,95306.91145,14.40547328
World,4/2/2023,24.83759142,95331.74905,14.2973763
World,4/3/2023,13.33569768,95345.08474,14.49100311
World,4/4/2023,4.438055899,95349.52267,14.3240742
World,4/5/2023,6.783822858,95356.3065,14.17168339
World,4/6/2023,6.803475228,95363.10997,13.10004806
World,4/7/2023,6.222040461,95369.33201,13.09598884
World,4/8/2023,6.028520946,95375.36053,9.778457784
World,4/9/2023,44.14435503,95419.50489,12.53656687
World,4/10/2023,11.71243696,95431.21733,12.30467248
World,4/11/2023,4.636457213,95435.85378,12.33301553
World,4/12/2023,6.475393307,95442.32918,12.28895416
World,4/13/2023,7.375897443,95449.70507,12.37072876
World,4/14/2023,7.086118867,95456.79119,12.49416854
World,4/15/2023,6.707341342,95463.49853,12.59114288
World,4/16/2023,42.98060927,95506.47852,12.42489349
World,4/17/2023,14.14357281,95520.62209,12.77219861
World,4/18/2023,5.595793284,95526.21788,12.90924662
World,4/19/2023,7.848555716,95534.06644,13.10541268
World,4/20/2023,7.881226216,95541.94766,13.1776025
World,4/21/2023,7.514215078,95549.46188,13.2387591
World,4/22/2023,7.199026113,95556.66091,13.30899978
World,4/23/2023,42.14870067,95598.80961,13.1901557
World,4/24/2023,14.04944172,95612.85905,13.1767084
World,4/25/2023,5.217391282,95618.07644,13.12265097
World,4/26/2023,7.542128954,95625.61857,13.07887572
World,4/27/2023,7.178497523,95632.79707,12.97848591
World,4/28/2023,7.173115027,95639.97018,12.92975733
World,4/29/2023,7.007759736,95646.97794,12.90243356
World,4/30/2023,37.5276399,95684.50558,12.24228202
World,5/1/2023,13.18899337,95697.69457,12.11936083
World,5/2/2023,4.870032514,95702.56461,12.06973815
World,5/3/2023,7.064088185,95709.62869,12.00144661
World,5/4/2023,7.634132087,95717.26283,12.06653726
World,5/5/2023,6.539858087,95723.80268,11.97607198
World,5/6/2023,5.06530447,95728.86799,11.69857837
World,5/7/2023,31.92496203,95760.79295,10.89819582
World,5/8/2023,15.64140885,95776.43436,11.24854089
World,5/9/2023,5.852776186,95782.28714,11.38893284
World,5/10/2023,5.310020287,95787.59716,11.13835171
World,5/11/2023,4.738474293,95792.33563,10.72468631
World,5/12/2023,4.932369331,95797.268,10.49504506
World,5/13/2023,4.53982263,95801.80782,10.41997623
World,5/14/2023,29.94683208,95831.75466,10.13738624
World,5/15/2023,14.15871891,95845.91337,9.925573387
World,5/16/2023,4.568863074,95850.48224,9.742157228
World,5/17/2023,4.784788795,95855.26703,9.667124158
World,5/18/2023,4.312506045,95859.57953,9.606271551
World,5/19/2023,3.874896584,95863.45443,9.455204016
World,5/20/2023,3.676745619,95867.13117,9.3319073
World,5/21/2023,11.17343629,95878.30461,6.649993616
World,5/22/2023,15.06097548,95893.36559,6.778887413
World,5/23/2023,4.098082416,95897.46367,6.711633033
World,5/24/2023,4.34530172,95901.80897,6.648849165
World,5/25/2023,3.773630551,95905.5826,6.571866952
World,5/26/2023,3.573226447,95909.15583,6.528771218
World,5/27/2023,3.40999912,95912.56583,6.490664575
World,5/28/2023,9.180285421,95921.74611,6.205928737
World,5/29/2023,11.9619094,95933.70802,5.763205011
World,5/30/2023,5.241049231,95938.94907,5.926485984
World,5/31/2023,3.979667499,95942.92874,5.874252524
World,6/1/2023,4.196344266,95947.11256,5.934640198
World,6/2/2023,3.253155683,95950.36572,5.888915803
World,6/3/2023,1.573942036,95951.93716,5.626621934
World,6/4/2023,6.115141583,95958.04103,5.188744243
World,6/5/2023,13.08359658,95971.12463,5.348985268
World,6/6/2023,0.997138719,95972.12177,4.742712338
World,6/7/2023,4.085064286,95976.20683,4.757769022
World,6/8/2023,2.818049709,95979.02488,4.560869799
World,6/9/2023,3.181806315,95982.20669,4.550677032
World,6/10/2023,3.704033623,95985.91047,4.854975831
World,6/11/2023,7.253101424,95993.16357,5.017541522
World,6/12/2023,10.25252874,96003.4161,4.613103259
World,6/13/2023,1.391563036,96004.80767,4.66944959
World,6/14/2023,0.581059244,96005.38873,4.168877441
World,6/15/2023,0.519348299,96005.90807,3.840491526
World,6/16/2023,0.485926752,96006.394,3.455365874
World,6/17/2023,0.853688936,96007.24769,3.048173776
World,6/18/2023,3.806301051,96011.05399,2.555773722
World,6/19/2023,19.72509622,96030.77909,3.908997649
World,6/20/2023,0.697346197,96031.47643,3.809823814
World,6/21/2023,0.438861204,96031.91529,3.789509809
World,6/22/2023,0.387539728,96032.30283,3.770680013
World,6/23/2023,0.560655828,96032.86349,3.781355595
World,6/24/2023,0.556900598,96033.42039,3.738957261
World,6/25/2023,3.299345011,96036.71974,3.66653497
World,6/26/2023,18.90432814,96055.62406,3.549282386
World,6/27/2023,0.628750664,96056.25281,3.539483024
World,6/28/2023,0.316440708,96056.56926,3.521994382
World,6/29/2023,0.302671532,96056.87193,3.509870354
World,6/30/2023,0.324702214,96057.19663,3.476162695
World,7/1/2023,0.417581568,96057.61421,3.456259976
World,7/2/2023,1.1971673,96058.81138,3.155948874
World,7/3/2023,20.08096685,96078.82325,3.324040119
World,7/4/2023,1.110045966,96079.93329,3.39279659
World,7/5/2023,0.22168374,96080.15498,3.379259881
World,7/6/2023,0.221934089,96080.37691,3.36772596
World,7/7/2023,0.21792851,96080.59484,3.352472574
World,7/8/2023,0.333714766,96080.92856,3.340491602
World,7/9/2023,0.711490896,96081.64005,3.271109259
World,7/10/2023,23.05836348,96104.69841,3.696451635
World,7/11/2023,0.487428844,96105.1727,3.607506332
World,7/12/2023,0.245216514,96105.41791,3.610868157
World,7/13/2023,0.221183043,96105.6391,3.610760864
World,7/14/2023,0.22255996,96105.86165,3.6114225
World,7/15/2023,0.275508702,96106.13716,3.603107348
World,7/16/2023,0.721379668,96106.85854,3.60452003
World,7/17/2023,28.95432481,96135.81287,4.44680022
World,7/18/2023,0.470655484,96136.28352,4.444404026
World,7/19/2023,0.253352846,96136.53688,4.445566359
World,7/20/2023,0.24133611,96136.77809,4.448445368
World,7/21/2023,0.246718606,96137.02481,4.451896603
World,7/22/2023,0.319570067,96137.34438,4.458191084
World,7/23/2023,0.826275758,96138.17065,4.47317624
World,7/24/2023,36.48218389,96174.65284,5.54858468
World,7/25/2023,0.891116061,96175.54395,5.608650476
World,7/26/2023,0.284771603,96175.82872,5.61313887
World,7/27/2023,0.27025138,96176.09897,5.617269623
World,7/28/2023,0.275258353,96176.37423,5.62134673
World,7/29/2023,0.341725923,96176.71295,5.624511852
World,7/30/2023,1.137709493,96177.85054,5.669002386
World,7/31/2023,42.246587,96220.09713,6.492488544
World,8/1/2023,42.53561453,96262.63274,12.44170261
World,8/2/2023,0.379027874,96263.01177,12.45516779
World,8/3/2023,0.361253119,96263.37302,12.46816804
World,8/4/2023,0.391420132,96263.76444,12.48476258
World,8/5/2023,0.431350744,96264.19579,12.49756613
World,8/6/2023,1.485568958,96265.68136,12.54726034
World,8/7/2023,4.618932807,96270.30029,7.171881166
World,8/8/2023,8.90652916,96279.20682,2.367726113
World,8/9/2023,0.413075292,96279.59987,2.37259003
World,8/10/2023,0.379153048,96279.97902,2.375147163
World,8/11/2023,0.411823548,96280.39085,2.378061937
World,8/12/2023,0.472783447,96280.86163,2.383980894
World,8/13/2023,1.585082551,96282.44671,2.398197122
World,8/14/2023,37.70889233,96312.00938,7.125334197
World,8/15/2023,1.30757106,96313.31695,6.039768754
World,8/16/2023,0.46477229,96313.78173,6.047154039
World,8/17/2023,0.374396423,96314.15612,6.046474521
World,8/18/2023,0.516594463,96314.67272,6.061441795
World,8/19/2023,0.652533786,96315.32525,6.087120415
World,8/20/2023,1.995654356,96317.32091,6.14577353
World,8/21/2023,38.07365033,96355.39456,6.197881816
World,8/22/2023,1.365902298,96356.76046,6.20621485
World,8/23/2023,0.720002751,96357.48046,6.242676344
World,8/24/2023,0.654786924,96358.13525,6.28273213
World,8/25/2023,0.592575282,96358.72782,6.293586532
World,8/26/2023,0.709112584,96359.43694,6.301669218
World,8/27/2023,2.553431174,96361.99037,6.38135162
World,8/28/2023,34.90561319,96396.89598,5.928774886
World,8/29/2023,1.509226907,96398.40521,5.94924983
World,8/30/2023,0.793354909,96399.19856,5.95972871
World,8/31/2023,0.702853867,96399.90142,5.966595416
World,9/1/2023,0.728514605,96400.62993,5.98601532
World,9/2/2023,0.83416174,96401.46409,6.003879485
World,9/3/2023,3.100192651,96404.56428,6.081988267
World,9/4/2023,19.41453871,96423.97882,3.868977627
World,9/5/2023,1.947462239,96425.92629,3.931582674
World,9/6/2023,1.163495405,96427.08978,3.984459888
World,9/7/2023,1.006902317,96428.09668,4.027895381
World,9/8/2023,0.943313757,96429.04,4.058580974
World,9/9/2023,1.061227977,96430.10122,4.091019008
World,9/10/2023,3.654339414,96433.75556,4.170182831
World,9/11/2023,3.126103738,96436.88167,1.843263549
World,9/12/2023,2.446031598,96439.3277,1.914487744
World,9/13/2023,1.560047685,96440.88775,1.971138069
World,9/14/2023,1.238975526,96442.12672,2.004291385
World,9/15/2023,1.122187876,96443.24891,2.02984483
World,9/16/2023,1.121812353,96444.37072,2.038499741
World,9/17/2023,4.477861336,96448.84858,2.15614573
World,9/18/2023,3.001430104,96451.85001,2.138335211
World,9/19/2023,3.27906677,96455.12908,2.257340236
World,9/20/2023,1.623010373,96456.75209,2.266334905
World,9/21/2023,1.323593374,96458.07493,2.278423169
World,9/22/2023,1.366903692,96459.44184,2.313382572
World,9/23/2023,1.230588846,96460.67243,2.328922071
World,9/24/2023,5.306014709,96465.97844,2.447229695
World,9/25/2023,4.317638193,96470.29608,2.635259422
World,9/26/2023,3.940362759,96474.23644,2.729730278
World,9/27/2023,1.704624037,96475.94107,2.741389373
World,9/28/2023,1.529129625,96477.4702,2.770751694
World,9/29/2023,1.512481439,96478.98268,2.791548515
World,9/30/2023,1.431618821,96480.4143,2.820267083
World,10/1/2023,5.27772531,96485.69202,2.816225741
World,10/2/2023,5.071187664,96490.76321,2.923875665
World,10/3/2023,4.321518597,96495.08473,2.978326499
World,10/4/2023,2.027698985,96497.11243,3.024480063
World,10/5/2023,1.661814416,96498.77424,3.043435033
World,10/6/2023,1.486445178,96500.26069,3.039715567
World,10/7/2023,1.368155436,96501.62884,3.030649369
World,10/8/2023,4.988071908,96506.61691,2.989270312
World,10/9/2023,4.403883306,96511.0208,2.893941118
World,10/10/2023,4.197095312,96515.21789,2.876166363
World,10/11/2023,1.702871596,96516.92076,2.82976245
World,10/12/2023,1.499964006,96518.42073,2.806640963
World,10/13/2023,1.317459832,96519.73819,2.7825002
World,10/14/2023,1.13157595,96520.86976,2.74870313
World,10/15/2023,4.661492079,96525.53038,2.702048869
World,10/16/2023,4.351059739,96529.88144,2.694502645
World,10/17/2023,4.456331351,96534.33777,2.731536365
World,10/18/2023,1.426737023,96535.76451,2.692088569
World,10/19/2023,1.12982351,96536.89433,2.639211355
World,10/20/2023,1.062104197,96537.95644,2.602731978
World,10/21/2023,1.14947588,96539.10591,2.605289111
World,10/22/2023,4.033242113,96543.13915,2.515539116
World,10/23/2023,4.306622851,96547.44578,2.509190989
World,10/24/2023,5.299755992,96552.74553,2.629680224
World,10/25/2023,1.426111151,96554.17164,2.629590813
World,10/26/2023,1.19341207,96555.36506,2.638674893
World,10/27/2023,1.056596526,96556.42165,2.637888083
World,10/28/2023,1.053467168,96557.47512,2.624172553
World,10/29/2023,3.47734291,96560.95246,2.544758381
World,10/30/2023,16.87512706,96577.82759,4.340258982
World,10/31/2023,1.274900559,96579.10249,3.765279635
World,11/1/2023,0.127677817,96579.23017,3.579789159
World,11/2/2023,0.12717712,96579.35734,3.42746988
World,11/3/2023,0.088122729,96579.44547,3.28911648
World,11/4/2023,0.15809518,96579.60356,3.161206196
World,11/5/2023,0.379278222,96579.98284,2.718625527
World,11/6/2023,19.09684626,96599.07969,3.036013983
World,11/7/2023,1.3795463,96600.45923,3.050963375
World,11/8/2023,0.1028933,96600.56213,3.04742273
World,11/9/2023,0.111154806,96600.67328,3.045133828
World,11/10/2023,0.091877959,96600.76516,3.045670289
World,11/11/2023,0.139944902,96600.9051,3.043077392
World,11/12/2023,0.320195938,96601.2253,3.034637066
World,11/13/2023,22.99152039,96624.21682,3.591019084
World,11/14/2023,1.503343713,96625.72016,3.608704429
World,11/15/2023,0.108275796,96625.82844,3.609473357
World,11/16/2023,0.118665266,96625.94711,3.61054628
World,11/17/2023,0.103519172,96626.05062,3.61220931
World,11/18/2023,0.156718262,96626.20734,3.614605505
World,11/19/2023,0.355495099,96626.56284,3.619648242
World,11/20/2023,26.97707108,96653.53991,4.189012627
World,11/21/2023,1.547154729,96655.08706,4.195271343
World,11/22/2023,0.009638423,96655.0967,4.18118029
World,11/23/2023,0.028414573,96655.12512,4.168287334
World,11/24/2023,0.01677336,96655.14189,4.155895075
World,11/25/2023,0.107649924,96655.24954,4.148885313
World,11/26/2023,0.497818314,96655.74736,4.1692172
World,11/27/2023,32.78703764,96688.5344,4.999212424
World,11/28/2023,1.26626353,96689.80066,4.95908511
World,11/29/2023,0.017274058,96689.81793,4.960175915
World,11/30/2023,0.030292188,96689.84823,4.960444145
World,12/1/2023,0.021404811,96689.86963,4.961105781
World,12/2/2023,0.099388419,96689.96902,4.959925566
World,12/3/2023,0.899252393,96690.86827,5.017273291
World,12/4/2023,38.20483303,96729.0731,5.791244061
World,12/5/2023,1.223954607,96730.29706,5.785199929
World,12/6/2023,0.046940374,96730.344,5.789437974
World,12/7/2023,0.027538353,96730.37154,5.789044569
World,12/8/2023,0.077107388,96730.44864,5.79700208
World,12/9/2023,0.122044973,96730.57069,5.800238731
World,12/10/2023,1.736919014,96732.30761,5.919905391
World,12/11/2023,43.31169538,96775.6193,6.649457155
World,12/12/2023,1.141715071,96776.76102,6.63770865
World,12/13/2023,0.032795675,96776.79381,6.635687979
World,12/14/2023,0.128554038,96776.92237,6.650118791
World,12/15/2023,0.08987517,96777.01224,6.65194276
World,12/16/2023,0.166356686,96777.1786,6.658273004
World,12/17/2023,2.683111781,96779.86171,6.7934434
World,12/18/2023,39.84824682,96819.70996,6.298665034
World,12/19/2023,1.306319316,96821.01628,6.322179926
World,12/20/2023,0.139068682,96821.15535,6.337361784
World,12/21/2023,0.155842042,96821.31119,6.34126007
World,12/22/2023,0.140821122,96821.45201,6.348538064
World,12/23/2023,0.211920142,96821.66393,6.355047129
World,12/24/2023,3.399108953,96825.06304,6.457332439
World,12/25/2023,28.27638063,96853.33942,4.804208698
World,12/26/2023,1.402578377,96854.742,4.817959993
World,12/27/2023,0.110028237,96854.85203,4.813811358
World,12/28/2023,0.174242668,96855.02627,4.816440019
World,12/29/2023,0.156217565,96855.18249,4.818639511
World,12/30/2023,0.213797757,96855.39628,4.818907741
World,12/31/2023,2.7449479,96858.14123,4.725456162
World,1/1/2024,21.37952535,96879.52076,3.740191122
World,1/2/2024,2.821179068,96882.34194,3.942848364
World,1/3/2024,0.12805334,96882.46999,3.945423379
World,1/4/2024,0.204534857,96882.67453,3.949750834
World,1/5/2024,0.166607034,96882.84113,3.951235044
World,1/6/2024,0.232198384,96883.07333,3.953863705
World,1/7/2024,0.163978373,96883.23731,3.585153773
World,1/8/2024,18.7655098,96902.00282,3.21172298
World,1/9/2024,2.613014156,96904.61583,3.181985135
World,1/10/2024,0.116787651,96904.73262,3.180375751
World,1/11/2024,0.194145387,96904.92677,3.178891541
World,1/12/2024,0.140946296,96905.06771,3.175225721
World,1/13/2024,0.182253826,96905.24997,3.168090785
World,1/14/2024,1.664568251,96906.91453,3.382460767
World,1/15/2024,12.87217713,96919.78671,2.5405561
World,1/16/2024,2.602249163,96922.38896,2.539018244
World,1/17/2024,0.066968267,96922.45593,2.531901189
World,1/18/2024,0.1355638,96922.59149,2.523532391
World,1/19/2024,0.104145043,96922.69564,2.518275069
World,1/20/2024,0.16560564,96922.86124,2.515896757
World,1/21/2024,1.147598265,96924.00884,2.442043902
World,1/22/2024,10.70065284,96934.70949,2.131826146
World,1/23/2024,2.77586596,96937.48536,2.156628545
World,1/24/2024,0.04481241,96937.53017,2.153463423
World,1/25/2024,0.10201708,96937.63219,2.148671034
World,1/26/2024,0.078734654,96937.71092,2.145040979
World,1/27/2024,0.151836463,96937.86276,2.143073954
World,1/28/2024,0.632631068,96938.49539,2.069507211
World,1/29/2024,9.010674203,96947.50607,1.828081691
World,1/30/2024,2.754836672,96950.2609,1.825077507
World,1/31/2024,0.035674684,96950.29658,1.823772118
World,2/1/2024,0.104395392,96950.40097,1.824111877
World,2/2/2024,0.090626216,96950.4916,1.825810671
World,2/3/2024,0.132434442,96950.62403,1.823038954
World,2/4/2024,0.408318667,96951.03235,1.790994325
World,2/5/2024,8.408210149,96959.44056,1.704928032
World,2/6/2024,2.150495003,96961.59106,1.618593508
World,2/7/2024,0.024408995,96961.61547,1.616984123
World,2/8/2024,0.09625906,96961.71173,1.61582179
World,2/9/2024,0.006383891,96961.71811,1.603787172
World,2/10/2024,0.104770915,96961.82288,1.59983524
World,2/11/2024,0.298540779,96962.12142,1.584152685
World,2/12/2024,7.453630702,96969.57505,1.447784192
World,2/13/2024,1.954096478,96971.52915,1.41972726
World,2/14/2024,0.020153067,96971.5493,1.41911927
World,2/15/2024,0.113032421,96971.66233,1.421515465
World,2/16/2024,0.027037655,96971.68937,1.424466003
World,2/17/2024,0.09162761,96971.781,1.422588388
World,2/18/2024,0.168985347,96971.94998,1.404080469
World,2/19/2024,6.840777179,96978.79076,1.316529965
World,2/20/2024,2.045223391,96980.83599,1.329548096
World,2/21/2024,0.02516004,96980.86115,1.330263378
World,2/22/2024,0.196398525,96981.05754,1.342172821
World,2/23/2024,0.170612613,96981.22816,1.362683529
World,2/24/2024,0.090876564,96981.31903,1.362576237
World,2/25/2024,0.194020213,96981.51305,1.366152646
World,2/26/2024,6.396783827,96987.90984,1.302725025
World,2/27/2024,2.001412375,96989.91125,1.296466308
World,2/28/2024,0.028539747,96989.93979,1.296949124
World,2/29/2024,0.197024397,96990.13681,1.297038534
World,3/1/2024,0.103644346,96990.24046,1.287471638
World,3/2/2024,0.086245114,96990.3267,1.286810003
World,3/3/2024,0.171488833,96990.49819,1.283591234
World,3/4/2024,5.388629767,96995.88682,1.139569226
World,3/5/2024,1.62263485,96997.50946,1.085458151
World,3/6/2024,0.033922244,96997.54338,1.086227079
World,3/7/2024,0.19452091,96997.7379,1.085869438
World,3/8/2024,0.183505569,96997.92141,1.097278184
World,3/9/2024,0.089124124,96998.01053,1.097689471
World,3/10/2024,0.09913807,96998.10967,1.087353648
World,3/11/2024,5.019991363,97003.12966,1.034691018
World,3/12/2024,1.578072788,97004.70773,1.02832501
World,3/13/2024,0.029040445,97004.73677,1.02762761
World,3/14/2024,0.211669793,97004.94844,1.03007745
World,3/15/2024,0.225689318,97005.17413,1.0361037
World,3/16/2024,0.093755574,97005.26789,1.036765336
World,3/17/2024,0.103143649,97005.37103,1.037337561
World,3/18/2024,4.722827501,97010.09386,0.994885581
World,3/19/2024,1.098154404,97011.19201,0.926325812
World,3/20/2024,0.030041839,97011.22205,0.926468868
World,3/21/2024,0.181753128,97011.40381,0.922195059
World,3/22/2024,0.128679212,97011.53249,0.908336473
World,3/23/2024,0.106773704,97011.63926,0.910196205
World,3/24/2024,0.092879353,97011.73214,0.908729878
World,3/25/2024,13.27523848,97025.00738,2.130502874
World,3/26/2024,0.587943832,97025.59532,2.05761565
World,3/27/2024,0.013143305,97025.60847,2.055201573
World,3/28/2024,0.13756659,97025.74603,2.048889211
World,3/29/2024,0.081613664,97025.82765,2.042165561
World,3/30/2024,0.109152016,97025.9368,2.04250532
World,3/31/2024,0.073602507,97026.0104,2.039751485
World,4/1/2024,4.220502912,97030.2309,0.746217832
World,4/2/2024,0.454633169,97030.68554,0.727173452
World,4/3/2024,0.01589714,97030.70143,0.727566857
World,4/4/2024,0.104896089,97030.80633,0.722899642
World,4/5/2024,0.061836119,97030.86817,0.720074279
World,4/6/2024,0.114910036,97030.98308,0.720896853
World,4/7/2024,0.086870986,97031.06995,0.72279235
World,4/8/2024,3.986301739,97035.05625,0.68933504
World,4/9/2024,0.644147106,97035.7004,0.716408459
World,4/10/2024,0.01126569,97035.71166,0.715746824
World,4/11/2024,0.098887721,97035.81055,0.714888485
World,4/12/2024,0.082990581,97035.89354,0.717910551
World,4/13/2024,0.12805334,97036.02159,0.719788166
World,4/14/2024,0.046940374,97036.06853,0.714083793
World,4/15/2024,3.319748427,97039.38828,0.618861892
World,4/16/2024,0.282142942,97039.67042,0.567147011
World,4/17/2024,0.014395048,97039.68482,0.567594062
World,4/18/2024,0.114284164,97039.7991,0.569793554
World,4/19/2024,0.067093441,97039.8662,0.567522534
World,4/20/2024,0.142698737,97040.0089,0.569614733
World,4/21/2024,0.114910036,97040.12381,0.579324685
World,4/22/2024,3.520152531,97043.64396,0.607953843
World,4/23/2024,0.270126206,97043.91408,0.606237166
World,4/24/2024,0.019777544,97043.93386,0.607006094
World,4/25/2024,0.118915614,97044.05278,0.60766773
World,4/26/2024,0.066968267,97044.11975,0.607649848
World,4/27/2024,0.229319374,97044.34907,0.620024225
World,4/28/2024,0.13180857,97044.48087,0.622438301
World,4/29/2024,3.079664061,97047.56054,0.559511377
World,4/30/2024,0.275258353,97047.8358,0.560244541
World,5/1/2024,0.018650975,97047.85445,0.560083602
World,5/2/2024,0.13381136,97047.98826,0.562211566
World,5/3/2024,0.075354947,97048.06361,0.563409663
World,5/4/2024,0.23758088,97048.30119,0.564589878
World,5/5/2024,0.119541486,97048.42074,0.562837437
World,5/6/2024,3.364185315,97051.78492,0.603483331
World,5/7/2024,0.276510097,97052.06143,0.603662151
World,5/8/2024,0.016397837,97052.07783,0.603340274
World,5/9/2024,0.134437231,97052.21227,0.603429685
World,5/10/2024,0.097010106,97052.30928,0.606523279
World,5/11/2024,0.249222093,97052.5585,0.608186309
World,5/12/2024,0.160473492,97052.71897,0.614033739
World,5/13/2024,3.838721203,97056.55769,0.68182458
World,5/14/2024,0.327831572,97056.88552,0.689156219
World,5/15/2024,0.014895745,97056.90042,0.688941635
World,5/16/2024,0.1121562,97057.01258,0.68575863
World,5/17/2024,0.063338211,97057.07591,0.68094836
World,5/18/2024,0.253227671,97057.32914,0.681520585
World,5/19/2024,0.183004872,97057.51215,0.684739354
World,5/20/2024,3.160526679,97060.67267,0.587854422
World,5/21/2024,0.308054028,97060.98073,0.585029058
World,5/22/2024,0.018150278,97060.99888,0.585493991
World,5/23/2024,0.083616453,97061.08249,0.581416885
World,5/24/2024,0.047566246,97061.13006,0.579163747
World,5/25/2024,0.23470187,97061.36476,0.576517204
World,5/26/2024,0.187511148,97061.55227,0.577160957
World,5/27/2024,3.505757483,97065.05803,0.626479644
World,5/28/2024,0.287400264,97065.33454,0.623529106
World,5/29/2024,0.014895745,97065.34944,0.623064173
World,5/30/2024,0.052448045,97065.40189,0.618611543
World,5/31/2024,0.039805437,97065.44169,0.617502856
World,6/1/2024,0.243213725,97065.6849,0.618718835
World,6/2/2024,0.238206752,97065.92311,0.625961064
World,6/3/2024,3.569721566,97069.49283,0.63509879
World,6/4/2024,0.212671188,97069.7055,0.624423208
World,6/5/2024,0.011516038,97069.71702,0.623940393
World,6/6/2024,0.045688631,97069.76271,0.622974762
World,6/7/2024,0.036550905,97069.79926,0.622509829
World,6/8/2024,0.351614695,97070.15087,0.637995682
World,6/9/2024,0.270376555,97070.42125,0.642591368
World,6/10/2024,3.56233628,97073.98359,0.641536327
World,6/11/2024,0.228192805,97074.21178,0.643753701
World,6/12/2024,0.004005579,97074.21579,0.642680778
World,6/13/2024,0.032169803,97074.24796,0.640749517
World,6/14/2024,0.03091806,97074.27887,0.639944825
World,6/15/2024,0.362880385,97074.64175,0.641554209
World,6/16/2024,0.373019506,97075.01477,0.656217488
World,6/17/2024,3.847483406,97078.86226,0.696952792
World,6/18/2024,0.252726974,97079.11498,0.700457673
World,6/19/2024,0.001502092,97079.11649,0.700100032
World,6/20/2024,0.032545326,97079.14903,0.700153678
World,6/21/2024,0.024534169,97079.17357,0.699241694
World,6/22/2024,0.230571117,97079.40414,0.68034037
World,6/23/2024,0.364632826,97079.76877,0.679142273
World,6/24/2024,4.731214182,97084.49998,0.805389526
World,6/25/2024,0.284145731,97084.78413,0.80987792
World,6/26/2024,0.003504881,97084.78763,0.810164033
World,6/27/2024,0.050695604,97084.83833,0.81275693
World,6/28/2024,0.032795675,97084.87113,0.813937145
World,6/29/2024,0.410822154,97085.28195,0.839687293
World,6/30/2024,0.486677798,97085.76863,0.857122289
World,7/1/2024,5.15517964,97090.92381,0.917688783
World,7/2/2024,0.339973482,97091.26378,0.925664176
World,7/3/2024,0.002753835,97091.26653,0.925556884
World,7/4/2024,0.051947347,97091.31848,0.925735705
World,7/5/2024,0.043811016,97091.36229,0.927309325
World,7/6/2024,0.174618191,97091.53691,0.893565901
World,7/7/2024,0.474911411,97092.01182,0.891884989
World,7/8/2024,5.173580267,97097.1854,0.89451365
World,7/9/2024,0.337970693,97097.52337,0.894227537
World,7/10/2024,0.004255927,97097.52763,0.894442122
World,7/11/2024,0.072475938,97097.6001,0.897374778
World,7/12/2024,0.046064154,97097.64617,0.897696654
World,7/13/2024,0.128929561,97097.7751,0.891169707
World,7/14/2024,0.364883174,97098.13998,0.875451388
World,7/15/2024,5.782052689,97103.92203,0.962376019
World,7/16/2024,0.444619223,97104.36665,0.977611524
World,7/17/2024,0.001126569,97104.36778,0.977164472
World,7/18/2024,0.13381136,97104.50159,0.985926676
World,7/19/2024,0.059958504,97104.56155,0.987911583
World,7/20/2024,0.133936534,97104.69548,0.988626865
World,7/21/2024,0.258860516,97104.95435,0.973480771
World,7/22/2024,6.66741073,97111.62176,1.099960491
World,7/23/2024,0.41908366,97112.04084,1.096312553
World,7/24/2024,0.006509065,97112.04735,1.097081481
World,7/25/2024,0.08787238,97112.13522,1.09051877
World,7/26/2024,0.076857039,97112.21208,1.092932846
World,7/27/2024,0.116161779,97112.32824,1.090393596
World,7/28/2024,0.195522305,97112.52376,1.08134528
World,7/29/2024,7.107398503,97119.63116,1.144200676
World,7/30/2024,0.365759395,97119.99692,1.136582924
World,7/31/2024,0.001126569,97119.99805,1.135813996
World,8/1/2024,0.097761152,97120.09581,1.137226677
World,8/2/2024,0.083366104,97120.17917,1.138156544
World,8/3/2024,0.070848671,97120.25002,1.131683243
World,8/4/2024,0.145452572,97120.39548,1.124530424
World,8/5/2024,7.371516341,97127.76699,1.162261544
World,8/6/2024,0.25347802,97128.02047,1.146221347
World,8/7/2024,0.000125174,97128.02059,1.146078291
World,8/8/2024,0.097510804,97128.11811,1.146042527
World,8/9/2024,0.073226984,97128.19133,1.144594081
World,8/10/2024,0.076481516,97128.26781,1.145398773
World,8/11/2024,0.16735808,97128.43517,1.148528131
World,8/12/2024,7.298790055,97135.73396,1.138138662
World,8/13/2024,0.23470187,97135.96866,1.135456355
World,8/14/2024,0.000375523,97135.96904,1.135492119
World,8/15/2024,0.074603901,97136.04364,1.132219704
World,8/16/2024,0.06446478,97136.10811,1.130967961
World,8/17/2024,0.054826357,97136.16293,1.127874367
World,8/18/2024,0.138192461,97136.30113,1.12370785
World,8/19/2024,8.810770797,97145.11177,1.339705099
World,8/20/2024,0.192518121,97145.30429,1.333678849
World,8/21/2024,0.000125174,97145.30442,1.333643085
World,8/22/2024,0.056954321,97145.36137,1.331121716
World,8/23/2024,0.058706761,97145.42008,1.330299142
World,8/24/2024,0.0326705,97145.45275,1.327134019
World,8/25/2024,0.139444205,97145.59219,1.32731284
World,8/26/2024,9.391204169,97154.9834,1.410231893
World,8/27/2024,0.161975584,97155.14537,1.405868673
World,8/28/2024,0.000125174,97155.1455,1.405868673
World,8/29/2024,0.051321476,97155.19682,1.405063981
World,8/30/2024,0.000375523,97155.19719,1.396730947
World,8/31/2024,0.128679212,97155.32587,1.410446477
World,9/1/2024,0.118915614,97155.44479,1.407513822
World,9/2/2024,9.574960086,97165.01975,1.433764667
World,9/3/2024,0.149583325,97165.16933,1.431994344
World,9/4/2024,0.000375523,97165.16971,1.432030109
World,9/5/2024,0.037927822,97165.20764,1.430116729
World,9/6/2024,0.000125174,97165.20776,1.430080965
World,9/7/2024,0.084743022,97165.2925,1.423804367
World,9/8/2024,0.089749995,97165.38225,1.41963785
World,9/9/2024,10.40837078,97175.79062,1.53869652
World,9/10/2024,0.147205013,97175.93783,1.538356762
World,9/11/2024,0.000125174,97175.93795,1.538320997
World,9/12/2024,0.02891527,97175.96687,1.53703349
World,9/13/2024,0.032420152,97175.99929,1.541647058
World,9/14/2024,0.03930474,97176.03859,1.535155875
World,9/15/2024,0.081238141,97176.11983,1.533939896
World,9/16/2024,11.65585816,97187.77569,1.712152379
World,9/17/2024,0.128428863,97187.90412,1.709470072
World,9/18/2024,0.000250349,97187.90437,1.709487954
World,9/19/2024,0.021279636,97187.92565,1.708397149
World,9/20/2024,0.000125174,97187.92578,1.703783581
World,9/21/2024,0.029916665,97187.95569,1.702442427
World,9/22/2024,0.060334027,97188.01603,1.699456125
World,9/23/2024,12.07882223,97200.09485,1.759879563
World,9/24/2024,0.167858778,97200.26271,1.765512408
World,9/25/2024,0.000500697,97200.26321,1.765548172
World,9/26/2024,0.018400627,97200.28161,1.765136885
World,9/27/2024,0.017524406,97200.29913,1.767622489
World,9/28/2024,0.036175382,97200.33531,1.768516592
World,9/29/2024,0.08699616,97200.4223,1.772325468
World,9/30/2024,10.93072326,97211.61352,1.60831133
World,10/1/2024,0.155842042,97211.76936,1.606594654
World,10/2/2024,0.000751046,97211.77011,1.606630418
World,10/3/2024,0.013393653,97211.7835,1.605915136
World,10/4/2024,0.011140515,97211.79464,1.605003152
World,10/5/2024,0.035674684,97211.83032,1.604931623
World,10/6/2024,0.104770915,97211.93509,1.607470874
World,10/7/2024,10.07490636,97222.2447,1.485211317
World,10/8/2024,0.165855988,97222.41055,1.486641881
World,10/9/2024,0.000125174,97222.41068,1.486552471
World,10/10/2024,0.008511854,97222.41919,1.485855071
World,10/11/2024,0.000125174,97222.41931,1.484281451
World,10/12/2024,0.044311713,97222.46363,1.485515312
World,10/13/2024,0.108776493,97222.5724,1.486087537
World,10/14/2024,8.12644273,97230.92003,1.20773559
World,10/15/2024,0.194145387,97231.11417,1.211776932
World,10/16/2024,0.001251743,97231.11543,1.211937871
World,10/17/2024,0.00663424,97231.12206,1.21166964
World,10/18/2024,0.00663424,97231.12869,1.212599507
World,10/19/2024,0.05057043,97231.17926,1.213493609
World,10/20/2024,0.114784861,97231.29405,1.214351947
World,10/21/2024,7.268623041,97238.70963,1.091806277
World,10/22/2024,0.186384579,97238.89601,1.09069759
World,10/23/2024,0.005006973,97238.90102,1.091234052
World,10/24/2024,0.001376918,97238.9024,1.090483006
World,10/25/2024,0.006383891,97238.90878,1.090447242
World,10/26/2024,0.062587165,97238.97137,1.092163918
World,10/27/2024,0.113282769,97239.08465,1.091949334
World,10/28/2024,5.911482947,97245.10015,0.898072177
World,10/29/2024,0.193769864,97245.29392,0.899127218
World,10/30/2024,0.000375523,97245.2943,0.898465582
World,10/31/2024,0.005883194,97245.30018,0.899109336
World,11/1/2024,0.009763598,97245.30994,0.899592151
World,11/2/2024,0.069847277,97245.37979,0.90062931
World,11/3/2024,0.099889116,97245.47968,0.898715931
World,11/4/2024,5.329422308,97250.93528,0.815564411
World,11/5/2024,0.211669793,97251.14695,0.818121544
World,11/6/2024,0.001001395,97251.14795,0.818210954
World,11/7/2024,0.003254533,97251.1512,0.817835431
World,11/8/2024,0.003129358,97251.15433,0.816887683
World,11/9/2024,0.07197524,97251.22631,0.817191678
World,11/10/2024,0.133310662,97251.35962,0.821966184
World,11/11/2024,5.363344552,97256.81321,0.826812219
World,11/12/2024,0.218304033,97257.03152,0.827759968
World,11/13/2024,0.001251743,97257.03277,0.827795732
World,11/14/2024,0.004255927,97257.03703,0.827938788
World,11/15/2024,0.00287901,97257.03991,0.827903024
World,11/16/2024,0.064214432,97257.10412,0.826794337
World,11/17/2024,0.146328793,97257.25045,0.82865407
World,11/18/2024,5.770161127,97263.10523,0.886770724
World,11/19/2024,0.161474887,97263.2667,0.878652274
World,11/20/2024,0.001502092,97263.2682,0.878688038
World,11/21/2024,0.003880404,97263.27209,0.878634392
World,11/22/2024,0.000751046,97263.27284,0.878330397
World,11/23/2024,0.065466175,97263.3383,0.878509218
World,11/24/2024,0.156718262,97263.49502,0.879993428
World,11/25/2024,6.029897864,97269.6178,0.917098676
World,11/26/2024,0.142448388,97269.76025,0.914380604
World,11/27/2024,0.001126569,97269.76137,0.914326958
World,11/28/2024,0.004130753,97269.7655,0.914362722
World,11/29/2024,0.003004184,97269.76851,0.914684599
World,11/30/2024,0.065591349,97269.8341,0.914702481
World,12/1/2024,0.172740577,97270.00684,0.916991383
World,12/2/2024,6.263723514,97276.35118,0.950395048
World,12/3/2024,0.159972795,97276.51115,0.952898534
World,12/4/2024,0.004756625,97276.5159,0.953417114
World,12/5/2024,0.000500697,97276.51641,0.952898534
World,12/6/2024,0.006258717,97276.52266,0.953363468
World,12/7/2024,0.073477332,97276.59614,0.954490036
World,12/8/2024,0.203658636,97276.7998,0.958906902
World,12/9/2024,6.194376934,97283.0828,0.949000248
World,12/10/2024,0.164353896,97283.24715,0.94962612
World,12/11/2024,0.003504881,97283.25066,0.949447299
World,12/12/2024,0.005382496,97283.25604,0.950144699
World,12/13/2024,0.00375523,97283.2598,0.949787058
World,12/14/2024,0.092629005,97283.35243,0.952523011
World,12/15/2024,0.216676767,97283.5691,0.954382744
World,12/16/2024,5.507169858,97289.17754,0.856210305
World,12/17/2024,0.124548459,97289.30209,0.850523814
World,12/18/2024,0.006258717,97289.30835,0.850917219
World,12/19/2024,0.00087622,97289.30922,0.850273465
World,12/20/2024,0.007385286,97289.31661,0.850792044
World,12/21/2024,0.108901668,97289.42551,0.853116711
World,12/22/2024,0.185758707,97289.61127,0.848699845
World,12/23/2024,4.154911562,97293.86444,0.655520088
World,12/24/2024,0.08987517,97293.95432,0.650566761
World,12/25/2024,0.004381102,97293.9587,0.650298531
World,12/26/2024,0.000250349,97293.95895,0.65020912
World,12/27/2024,0.004005579,97293.96295,0.649726305
World,12/28/2024,0.000625872,97293.96358,0.634258334
World,12/29/2024,0.121544275,97294.08512,0.625084844
World,12/30/2024,2.918439523,97297.10934,0.448445981
World,12/31/2024,1.729408554,97298.83874,0.682665036
World,1/1/2025,0.000500697,97298.83924,0.682110693
World,1/2/2025,0.008136332,97298.84738,0.683237262
World,1/3/2025,0.005132148,97298.85251,0.6833982
World,1/4/2025,0.000500697,97298.85301,0.683380318
World,1/5/2025,0.000250349,97298.85326,0.666052614
World,1/6/2025,2.972890357,97301.91866,0.673831305
World,1/7/2025,2.447909213,97304.36657,0.776474256
World,1/8/2025,0.000625872,97304.36719,0.776492138
World,1/9/2025,0.007260111,97304.37445,0.776366964
World,1/10/2025,0.005006973,97304.37946,0.776349082
World,1/11/2025,0.00087622,97304.38034,0.776402728
World,1/12/2025,0.000125174,97304.38046,0.776384846
World,1/13/2025,2.476448961,97306.92526,0.705464646
World,1/14/2025,2.193304624,97309.11856,0.669092562
World,1/15/2025,0.000125174,97309.11869,0.669021034
World,1/16/2025,0.000125174,97309.11881,0.668001757
World,1/17/2025,0.000125174,97309.11894,0.667304358
World,1/18/2025,0.000125174,97309.11906,0.667197065
World,1/19/2025,0.000125174,97309.11919,0.667197065
World,1/20/2025,2.037587757,97311.21773,0.604502608
World,1/21/2025,2.121329384,97313.33906,0.59422043
World,1/22/2025,0.000125174,97313.33919,0.59422043
World,1/23/2025,0.000125174,97313.33931,0.59422043
World,1/24/2025,0.000125174,97313.33944,0.59422043
World,1/25/2025,0.004005579,97313.34344,0.594774774
World,1/26/2025,0.000125174,97313.34357,0.594774774
World,1/27/2025,1.765083239,97315.15609,0.555845557
World,1/28/2025,1.916419005,97317.07251,0.526572646
World,1/29/2025,0.000250349,97317.07276,0.526590528
World,1/30/2025,0.000625872,97317.07339,0.526662056
World,1/31/2025,0.000625872,97317.07402,0.526733584
World,2/1/2025,0.000125174,97317.07414,0.526179241
World,2/2/2025,0.235953614,97317.31009,0.559869018
World,2/3/2025,1.581452495,97318.93636,0.533636054
World,2/4/2025,1.896015589,97320.83237,0.530721281
World,2/5/2025,0.000125174,97320.8325,0.530703399
World,2/6/2025,0.000125174,97320.83263,0.53063187
World,2/7/2025,0,97320.83263,0.53054246
World,2/8/2025,0,97320.83263,0.530524578
World,2/9/2025,0,97320.83263,0.496816919
World,2/10/2025,1.466792808,97322.33484,0.480436964
World,2/11/2025,1.212814091,97323.54766,0.38283675
World,2/12/2025,0,97323.54766,0.382818868
World,2/13/2025,0,97323.54766,0.382800986
World,2/14/2025,0,97323.54766,0.382800986
World,2/15/2025,0,97323.54766,0.382800986
World,2/16/2025,0,97323.54766,0.382800986
